model,model_path,repetition,audio,audio_seconds,inference_seconds,rtf,word_errors,reference_words,wer,char_errors,reference_characters,cer,reference_en,hypothesis_en
"F32","/Users/williamsacc/Documents/estudio_casos_asr/whisper.cpp/models/ggml-base-f32.bin",1,"audio01(dolor toracico).wav",19.690666667,1.027493917,0.052181774,5,41,0.121951220,17,228,0.074561404,"The patient reports severe chest pain that started about thirty minutes ago. The pain becomes stronger when he takes a deep breath, and he also feels short of breath. He has no known allergies and has not taken any medication today.","The patient reports several chest pain that started about 30 minutes ago. The pain becomes stronger, win, he takes a deep breath and he also feels short of breath. He has no knowledge and has not taken any medication today."
"F32","/Users/williamsacc/Documents/estudio_casos_asr/whisper.cpp/models/ggml-base-f32.bin",1,"audio02(alergia).wav",16.768000000,0.855046125,0.050992732,3,37,0.081081081,3,230,0.013043478,"The patient is allergic to penicillin and should not receive any medication containing it. She developed a severe skin rash after taking penicillin several years ago. She currently has a fever, a sore throat, and difficulty swallowing.","The patient is allergic to penicillin and should not receive any medication containing it. She developed a severed skin rash after taking penicillin several years ago. She currently has a fever, a sore throat and difficulty is wallowing."
"F32","/Users/williamsacc/Documents/estudio_casos_asr/whisper.cpp/models/ggml-base-f32.bin",1,"audio03(accidente).wav",16.597333333,0.784984875,0.047295843,2,38,0.052631579,3,205,0.014634146,"The patient fell from a bicycle approximately one hour ago and injured his left arm. He can move his fingers, but he feels severe pain near the wrist. There is visible swelling, but there is no active bleeding.","The patient fell from a bicycle approximately one hour ago and injured his left arm. He can move his fingers, but he feels several pain near the waist. There is visible swelling, but there is no active bleeding."
"F32","/Users/williamsacc/Documents/estudio_casos_asr/whisper.cpp/models/ggml-base-f32.bin",1,"audio04(dolor abdominal).wav",20.778666667,0.769471042,0.037031781,1,37,0.027027027,1,212,0.004716981,"The patient has had abdominal pain since yesterday evening. The pain is mainly located on the lower right side and has gradually become stronger. She also reports nausea and loss of appetite, but she has not vomited.","The patient has had abdominal pain since yesterday evening. The pain is mainly located on the lower right side and has gradually become stronger. She also reports nausea and lost of appetite, but she has not vomited."
"F32","/Users/williamsacc/Documents/estudio_casos_asr/whisper.cpp/models/ggml-base-f32.bin",1,"audio05(diabetes).wav",21.866666667,0.780944292,0.035713916,6,43,0.139534884,17,245,0.069387755,"The patient has type two diabetes and normally takes medication every morning. Today he forgot to take his medicine and began feeling dizzy and weak during the afternoon. He is conscious and able to speak, but he says his condition is getting worse.","The patient has type 2 diabetes and normally takes medication every morning. Today he is far good to take his medicine and began feeling this and weak during the afternoon. He is conscious and able to speak, but he said his condition is getting worse."
"F32","/Users/williamsacc/Documents/estudio_casos_asr/whisper.cpp/models/ggml-base-f32.bin",1,"audio06(fiebre).wav",21.248000000,0.776634250,0.036550934,5,38,0.131578947,13,220,0.059090909,"The patient has had a high fever since last night and has been feeling extremely tired. She also reports muscle pain, chills, and a persistent headache. She has been drinking water regularly and has not taken any antibiotics.","The patient has had a high fever signs last night and has been feeling extremely tired. She has a reports musical pain, shields and a persistent headache. She has been drinking water regularly and has not taken any antibiotics."
"F32","/Users/williamsacc/Documents/estudio_casos_asr/whisper.cpp/models/ggml-base-f32.bin",1,"audio07(respiracion).wav",22.656000000,0.825098167,0.036418528,3,40,0.075000000,6,235,0.025531915,"The patient has difficulty breathing when walking short distances and sometimes feels pressure in his chest. These symptoms began two days ago and have gradually become worse. He has a history of asthma but has not used his inhaler today.","The patient has difficulty breathing when walking short distance and sometimes feels pressure in his sheath. Test symptoms began two days ago and have gradually become worse. He has a history of asthma but has not used his inhaler today."
"F32","/Users/williamsacc/Documents/estudio_casos_asr/whisper.cpp/models/ggml-base-f32.bin",1,"audio08(herida).wav",22.613333333,0.879059084,0.038873485,3,43,0.069767442,11,256,0.042968750,"The patient cut her right hand while preparing food approximately forty minutes ago. The wound is still bleeding slightly, but she can move all of her fingers normally. She reports moderate pain and does not remember when she received her last tetanus vaccine.","The patient could her right hand while preparing food approximately 40 minutes ago. The woman is still bleeding slightly, but she can move all of her fingers normally. She reports moderate pain and does not remember when she received her last tetanus vaccine."
"F32","/Users/williamsacc/Documents/estudio_casos_asr/whisper.cpp/models/ggml-base-f32.bin",1,"audio09(mareo).wav",23.957333333,0.871276291,0.036367833,8,41,0.195121951,21,235,0.089361702,"The patient suddenly became dizzy while standing at work this morning. He did not lose consciousness, but he felt weak and had to sit down immediately. He has eaten very little today and says that similar symptoms happened once last month.","The patient suddenly become disequiled standing at work this morning. He did not lose consciousness, but he felt weak and had to sit down immediately. He has eaten very little today and said that similar symptoms have been made on last month."
"F32","/Users/williamsacc/Documents/estudio_casos_asr/whisper.cpp/models/ggml-base-f32.bin",1,"audio10(dolor cabeza).wav",26.112000000,0.875494041,0.033528418,4,44,0.090909091,11,258,0.042635659,"The patient has experienced a strong headache for approximately three hours. The pain is mainly located behind her eyes and becomes worse when she looks at bright lights. She also feels slightly nauseous but has no problems speaking or moving her arms and legs.","The patient has experienced a strong heat dutch for approximately 3 hours. The pain is mainly located behind her eyes and becomes worse when she looks at bright light. She also feels slightly nauseous but has no problems speaking or moving her arms and legs."
"F32","/Users/williamsacc/Documents/estudio_casos_asr/whisper.cpp/models/ggml-base-f32.bin",2,"audio01(dolor toracico).wav",19.690666667,0.815023916,0.041391383,5,41,0.121951220,17,228,0.074561404,"The patient reports severe chest pain that started about thirty minutes ago. The pain becomes stronger when he takes a deep breath, and he also feels short of breath. He has no known allergies and has not taken any medication today.","The patient reports several chest pain that started about 30 minutes ago. The pain becomes stronger, win, he takes a deep breath and he also feels short of breath. He has no knowledge and has not taken any medication today."
"F32","/Users/williamsacc/Documents/estudio_casos_asr/whisper.cpp/models/ggml-base-f32.bin",2,"audio02(alergia).wav",16.768000000,0.851803917,0.050799375,3,37,0.081081081,3,230,0.013043478,"The patient is allergic to penicillin and should not receive any medication containing it. She developed a severe skin rash after taking penicillin several years ago. She currently has a fever, a sore throat, and difficulty swallowing.","The patient is allergic to penicillin and should not receive any medication containing it. She developed a severed skin rash after taking penicillin several years ago. She currently has a fever, a sore throat and difficulty is wallowing."
"F32","/Users/williamsacc/Documents/estudio_casos_asr/whisper.cpp/models/ggml-base-f32.bin",2,"audio03(accidente).wav",16.597333333,0.770075542,0.046397546,2,38,0.052631579,3,205,0.014634146,"The patient fell from a bicycle approximately one hour ago and injured his left arm. He can move his fingers, but he feels severe pain near the wrist. There is visible swelling, but there is no active bleeding.","The patient fell from a bicycle approximately one hour ago and injured his left arm. He can move his fingers, but he feels several pain near the waist. There is visible swelling, but there is no active bleeding."
"F32","/Users/williamsacc/Documents/estudio_casos_asr/whisper.cpp/models/ggml-base-f32.bin",2,"audio04(dolor abdominal).wav",20.778666667,0.811269041,0.039043364,1,37,0.027027027,1,212,0.004716981,"The patient has had abdominal pain since yesterday evening. The pain is mainly located on the lower right side and has gradually become stronger. She also reports nausea and loss of appetite, but she has not vomited.","The patient has had abdominal pain since yesterday evening. The pain is mainly located on the lower right side and has gradually become stronger. She also reports nausea and lost of appetite, but she has not vomited."
"F32","/Users/williamsacc/Documents/estudio_casos_asr/whisper.cpp/models/ggml-base-f32.bin",2,"audio05(diabetes).wav",21.866666667,0.865160834,0.039565282,6,43,0.139534884,17,245,0.069387755,"The patient has type two diabetes and normally takes medication every morning. Today he forgot to take his medicine and began feeling dizzy and weak during the afternoon. He is conscious and able to speak, but he says his condition is getting worse.","The patient has type 2 diabetes and normally takes medication every morning. Today he is far good to take his medicine and began feeling this and weak during the afternoon. He is conscious and able to speak, but he said his condition is getting worse."
"F32","/Users/williamsacc/Documents/estudio_casos_asr/whisper.cpp/models/ggml-base-f32.bin",2,"audio06(fiebre).wav",21.248000000,0.850233125,0.040014737,5,38,0.131578947,13,220,0.059090909,"The patient has had a high fever since last night and has been feeling extremely tired. She also reports muscle pain, chills, and a persistent headache. She has been drinking water regularly and has not taken any antibiotics.","The patient has had a high fever signs last night and has been feeling extremely tired. She has a reports musical pain, shields and a persistent headache. She has been drinking water regularly and has not taken any antibiotics."
"F32","/Users/williamsacc/Documents/estudio_casos_asr/whisper.cpp/models/ggml-base-f32.bin",2,"audio07(respiracion).wav",22.656000000,0.823030250,0.036327253,3,40,0.075000000,6,235,0.025531915,"The patient has difficulty breathing when walking short distances and sometimes feels pressure in his chest. These symptoms began two days ago and have gradually become worse. He has a history of asthma but has not used his inhaler today.","The patient has difficulty breathing when walking short distance and sometimes feels pressure in his sheath. Test symptoms began two days ago and have gradually become worse. He has a history of asthma but has not used his inhaler today."
"F32","/Users/williamsacc/Documents/estudio_casos_asr/whisper.cpp/models/ggml-base-f32.bin",2,"audio08(herida).wav",22.613333333,0.862534083,0.038142722,3,43,0.069767442,11,256,0.042968750,"The patient cut her right hand while preparing food approximately forty minutes ago. The wound is still bleeding slightly, but she can move all of her fingers normally. She reports moderate pain and does not remember when she received her last tetanus vaccine.","The patient could her right hand while preparing food approximately 40 minutes ago. The woman is still bleeding slightly, but she can move all of her fingers normally. She reports moderate pain and does not remember when she received her last tetanus vaccine."
"F32","/Users/williamsacc/Documents/estudio_casos_asr/whisper.cpp/models/ggml-base-f32.bin",2,"audio09(mareo).wav",23.957333333,0.892457125,0.037251939,8,41,0.195121951,21,235,0.089361702,"The patient suddenly became dizzy while standing at work this morning. He did not lose consciousness, but he felt weak and had to sit down immediately. He has eaten very little today and says that similar symptoms happened once last month.","The patient suddenly become disequiled standing at work this morning. He did not lose consciousness, but he felt weak and had to sit down immediately. He has eaten very little today and said that similar symptoms have been made on last month."
"F32","/Users/williamsacc/Documents/estudio_casos_asr/whisper.cpp/models/ggml-base-f32.bin",2,"audio10(dolor cabeza).wav",26.112000000,0.864738667,0.033116524,4,44,0.090909091,11,258,0.042635659,"The patient has experienced a strong headache for approximately three hours. The pain is mainly located behind her eyes and becomes worse when she looks at bright lights. She also feels slightly nauseous but has no problems speaking or moving her arms and legs.","The patient has experienced a strong heat dutch for approximately 3 hours. The pain is mainly located behind her eyes and becomes worse when she looks at bright light. She also feels slightly nauseous but has no problems speaking or moving her arms and legs."
"F32","/Users/williamsacc/Documents/estudio_casos_asr/whisper.cpp/models/ggml-base-f32.bin",3,"audio01(dolor toracico).wav",19.690666667,0.795975458,0.040423997,5,41,0.121951220,17,228,0.074561404,"The patient reports severe chest pain that started about thirty minutes ago. The pain becomes stronger when he takes a deep breath, and he also feels short of breath. He has no known allergies and has not taken any medication today.","The patient reports several chest pain that started about 30 minutes ago. The pain becomes stronger, win, he takes a deep breath and he also feels short of breath. He has no knowledge and has not taken any medication today."
"F32","/Users/williamsacc/Documents/estudio_casos_asr/whisper.cpp/models/ggml-base-f32.bin",3,"audio02(alergia).wav",16.768000000,0.894256125,0.053331114,3,37,0.081081081,3,230,0.013043478,"The patient is allergic to penicillin and should not receive any medication containing it. She developed a severe skin rash after taking penicillin several years ago. She currently has a fever, a sore throat, and difficulty swallowing.","The patient is allergic to penicillin and should not receive any medication containing it. She developed a severed skin rash after taking penicillin several years ago. She currently has a fever, a sore throat and difficulty is wallowing."
"F32","/Users/williamsacc/Documents/estudio_casos_asr/whisper.cpp/models/ggml-base-f32.bin",3,"audio03(accidente).wav",16.597333333,0.810089833,0.048808433,2,38,0.052631579,3,205,0.014634146,"The patient fell from a bicycle approximately one hour ago and injured his left arm. He can move his fingers, but he feels severe pain near the wrist. There is visible swelling, but there is no active bleeding.","The patient fell from a bicycle approximately one hour ago and injured his left arm. He can move his fingers, but he feels several pain near the waist. There is visible swelling, but there is no active bleeding."
"F32","/Users/williamsacc/Documents/estudio_casos_asr/whisper.cpp/models/ggml-base-f32.bin",3,"audio04(dolor abdominal).wav",20.778666667,0.766277500,0.036878088,1,37,0.027027027,1,212,0.004716981,"The patient has had abdominal pain since yesterday evening. The pain is mainly located on the lower right side and has gradually become stronger. She also reports nausea and loss of appetite, but she has not vomited.","The patient has had abdominal pain since yesterday evening. The pain is mainly located on the lower right side and has gradually become stronger. She also reports nausea and lost of appetite, but she has not vomited."
"F32","/Users/williamsacc/Documents/estudio_casos_asr/whisper.cpp/models/ggml-base-f32.bin",3,"audio05(diabetes).wav",21.866666667,0.861978209,0.039419735,6,43,0.139534884,17,245,0.069387755,"The patient has type two diabetes and normally takes medication every morning. Today he forgot to take his medicine and began feeling dizzy and weak during the afternoon. He is conscious and able to speak, but he says his condition is getting worse.","The patient has type 2 diabetes and normally takes medication every morning. Today he is far good to take his medicine and began feeling this and weak during the afternoon. He is conscious and able to speak, but he said his condition is getting worse."
"F32","/Users/williamsacc/Documents/estudio_casos_asr/whisper.cpp/models/ggml-base-f32.bin",3,"audio06(fiebre).wav",21.248000000,0.806511834,0.037957071,5,38,0.131578947,13,220,0.059090909,"The patient has had a high fever since last night and has been feeling extremely tired. She also reports muscle pain, chills, and a persistent headache. She has been drinking water regularly and has not taken any antibiotics.","The patient has had a high fever signs last night and has been feeling extremely tired. She has a reports musical pain, shields and a persistent headache. She has been drinking water regularly and has not taken any antibiotics."
"F32","/Users/williamsacc/Documents/estudio_casos_asr/whisper.cpp/models/ggml-base-f32.bin",3,"audio07(respiracion).wav",22.656000000,0.834445875,0.036831121,3,40,0.075000000,6,235,0.025531915,"The patient has difficulty breathing when walking short distances and sometimes feels pressure in his chest. These symptoms began two days ago and have gradually become worse. He has a history of asthma but has not used his inhaler today.","The patient has difficulty breathing when walking short distance and sometimes feels pressure in his sheath. Test symptoms began two days ago and have gradually become worse. He has a history of asthma but has not used his inhaler today."
"F32","/Users/williamsacc/Documents/estudio_casos_asr/whisper.cpp/models/ggml-base-f32.bin",3,"audio08(herida).wav",22.613333333,0.877792041,0.038817455,3,43,0.069767442,11,256,0.042968750,"The patient cut her right hand while preparing food approximately forty minutes ago. The wound is still bleeding slightly, but she can move all of her fingers normally. She reports moderate pain and does not remember when she received her last tetanus vaccine.","The patient could her right hand while preparing food approximately 40 minutes ago. The woman is still bleeding slightly, but she can move all of her fingers normally. She reports moderate pain and does not remember when she received her last tetanus vaccine."
"F32","/Users/williamsacc/Documents/estudio_casos_asr/whisper.cpp/models/ggml-base-f32.bin",3,"audio09(mareo).wav",23.957333333,0.871129959,0.036361725,8,41,0.195121951,21,235,0.089361702,"The patient suddenly became dizzy while standing at work this morning. He did not lose consciousness, but he felt weak and had to sit down immediately. He has eaten very little today and says that similar symptoms happened once last month.","The patient suddenly become disequiled standing at work this morning. He did not lose consciousness, but he felt weak and had to sit down immediately. He has eaten very little today and said that similar symptoms have been made on last month."
"F32","/Users/williamsacc/Documents/estudio_casos_asr/whisper.cpp/models/ggml-base-f32.bin",3,"audio10(dolor cabeza).wav",26.112000000,0.868375459,0.033255800,4,44,0.090909091,11,258,0.042635659,"The patient has experienced a strong headache for approximately three hours. The pain is mainly located behind her eyes and becomes worse when she looks at bright lights. She also feels slightly nauseous but has no problems speaking or moving her arms and legs.","The patient has experienced a strong heat dutch for approximately 3 hours. The pain is mainly located behind her eyes and becomes worse when she looks at bright light. She also feels slightly nauseous but has no problems speaking or moving her arms and legs."
"F32","/Users/williamsacc/Documents/estudio_casos_asr/whisper.cpp/models/ggml-base-f32.bin",4,"audio01(dolor toracico).wav",19.690666667,0.797312166,0.040491883,5,41,0.121951220,17,228,0.074561404,"The patient reports severe chest pain that started about thirty minutes ago. The pain becomes stronger when he takes a deep breath, and he also feels short of breath. He has no known allergies and has not taken any medication today.","The patient reports several chest pain that started about 30 minutes ago. The pain becomes stronger, win, he takes a deep breath and he also feels short of breath. He has no knowledge and has not taken any medication today."
"F32","/Users/williamsacc/Documents/estudio_casos_asr/whisper.cpp/models/ggml-base-f32.bin",4,"audio02(alergia).wav",16.768000000,0.796073083,0.047475733,3,37,0.081081081,3,230,0.013043478,"The patient is allergic to penicillin and should not receive any medication containing it. She developed a severe skin rash after taking penicillin several years ago. She currently has a fever, a sore throat, and difficulty swallowing.","The patient is allergic to penicillin and should not receive any medication containing it. She developed a severed skin rash after taking penicillin several years ago. She currently has a fever, a sore throat and difficulty is wallowing."
"F32","/Users/williamsacc/Documents/estudio_casos_asr/whisper.cpp/models/ggml-base-f32.bin",4,"audio03(accidente).wav",16.597333333,0.724597292,0.043657453,2,38,0.052631579,3,205,0.014634146,"The patient fell from a bicycle approximately one hour ago and injured his left arm. He can move his fingers, but he feels severe pain near the wrist. There is visible swelling, but there is no active bleeding.","The patient fell from a bicycle approximately one hour ago and injured his left arm. He can move his fingers, but he feels several pain near the waist. There is visible swelling, but there is no active bleeding."
"F32","/Users/williamsacc/Documents/estudio_casos_asr/whisper.cpp/models/ggml-base-f32.bin",4,"audio04(dolor abdominal).wav",20.778666667,0.762342459,0.036688709,1,37,0.027027027,1,212,0.004716981,"The patient has had abdominal pain since yesterday evening. The pain is mainly located on the lower right side and has gradually become stronger. She also reports nausea and loss of appetite, but she has not vomited.","The patient has had abdominal pain since yesterday evening. The pain is mainly located on the lower right side and has gradually become stronger. She also reports nausea and lost of appetite, but she has not vomited."
"F32","/Users/williamsacc/Documents/estudio_casos_asr/whisper.cpp/models/ggml-base-f32.bin",4,"audio05(diabetes).wav",21.866666667,0.777991750,0.035578891,6,43,0.139534884,17,245,0.069387755,"The patient has type two diabetes and normally takes medication every morning. Today he forgot to take his medicine and began feeling dizzy and weak during the afternoon. He is conscious and able to speak, but he says his condition is getting worse.","The patient has type 2 diabetes and normally takes medication every morning. Today he is far good to take his medicine and began feeling this and weak during the afternoon. He is conscious and able to speak, but he said his condition is getting worse."
"F32","/Users/williamsacc/Documents/estudio_casos_asr/whisper.cpp/models/ggml-base-f32.bin",4,"audio06(fiebre).wav",21.248000000,0.797311583,0.037524077,5,38,0.131578947,13,220,0.059090909,"The patient has had a high fever since last night and has been feeling extremely tired. She also reports muscle pain, chills, and a persistent headache. She has been drinking water regularly and has not taken any antibiotics.","The patient has had a high fever signs last night and has been feeling extremely tired. She has a reports musical pain, shields and a persistent headache. She has been drinking water regularly and has not taken any antibiotics."
"F32","/Users/williamsacc/Documents/estudio_casos_asr/whisper.cpp/models/ggml-base-f32.bin",4,"audio07(respiracion).wav",22.656000000,0.821544792,0.036261688,3,40,0.075000000,6,235,0.025531915,"The patient has difficulty breathing when walking short distances and sometimes feels pressure in his chest. These symptoms began two days ago and have gradually become worse. He has a history of asthma but has not used his inhaler today.","The patient has difficulty breathing when walking short distance and sometimes feels pressure in his sheath. Test symptoms began two days ago and have gradually become worse. He has a history of asthma but has not used his inhaler today."
"F32","/Users/williamsacc/Documents/estudio_casos_asr/whisper.cpp/models/ggml-base-f32.bin",4,"audio08(herida).wav",22.613333333,0.804965083,0.035596923,3,43,0.069767442,11,256,0.042968750,"The patient cut her right hand while preparing food approximately forty minutes ago. The wound is still bleeding slightly, but she can move all of her fingers normally. She reports moderate pain and does not remember when she received her last tetanus vaccine.","The patient could her right hand while preparing food approximately 40 minutes ago. The woman is still bleeding slightly, but she can move all of her fingers normally. She reports moderate pain and does not remember when she received her last tetanus vaccine."
"F32","/Users/williamsacc/Documents/estudio_casos_asr/whisper.cpp/models/ggml-base-f32.bin",4,"audio09(mareo).wav",23.957333333,0.760880958,0.031759835,8,41,0.195121951,21,235,0.089361702,"The patient suddenly became dizzy while standing at work this morning. He did not lose consciousness, but he felt weak and had to sit down immediately. He has eaten very little today and says that similar symptoms happened once last month.","The patient suddenly become disequiled standing at work this morning. He did not lose consciousness, but he felt weak and had to sit down immediately. He has eaten very little today and said that similar symptoms have been made on last month."
"F32","/Users/williamsacc/Documents/estudio_casos_asr/whisper.cpp/models/ggml-base-f32.bin",4,"audio10(dolor cabeza).wav",26.112000000,0.903618500,0.034605488,4,44,0.090909091,11,258,0.042635659,"The patient has experienced a strong headache for approximately three hours. The pain is mainly located behind her eyes and becomes worse when she looks at bright lights. She also feels slightly nauseous but has no problems speaking or moving her arms and legs.","The patient has experienced a strong heat dutch for approximately 3 hours. The pain is mainly located behind her eyes and becomes worse when she looks at bright light. She also feels slightly nauseous but has no problems speaking or moving her arms and legs."
"F32","/Users/williamsacc/Documents/estudio_casos_asr/whisper.cpp/models/ggml-base-f32.bin",5,"audio01(dolor toracico).wav",19.690666667,0.798951500,0.040575137,5,41,0.121951220,17,228,0.074561404,"The patient reports severe chest pain that started about thirty minutes ago. The pain becomes stronger when he takes a deep breath, and he also feels short of breath. He has no known allergies and has not taken any medication today.","The patient reports several chest pain that started about 30 minutes ago. The pain becomes stronger, win, he takes a deep breath and he also feels short of breath. He has no knowledge and has not taken any medication today."
"F32","/Users/williamsacc/Documents/estudio_casos_asr/whisper.cpp/models/ggml-base-f32.bin",5,"audio02(alergia).wav",16.768000000,0.887422042,0.052923547,3,37,0.081081081,3,230,0.013043478,"The patient is allergic to penicillin and should not receive any medication containing it. She developed a severe skin rash after taking penicillin several years ago. She currently has a fever, a sore throat, and difficulty swallowing.","The patient is allergic to penicillin and should not receive any medication containing it. She developed a severed skin rash after taking penicillin several years ago. She currently has a fever, a sore throat and difficulty is wallowing."
"F32","/Users/williamsacc/Documents/estudio_casos_asr/whisper.cpp/models/ggml-base-f32.bin",5,"audio03(accidente).wav",16.597333333,0.776631625,0.046792555,2,38,0.052631579,3,205,0.014634146,"The patient fell from a bicycle approximately one hour ago and injured his left arm. He can move his fingers, but he feels severe pain near the wrist. There is visible swelling, but there is no active bleeding.","The patient fell from a bicycle approximately one hour ago and injured his left arm. He can move his fingers, but he feels several pain near the waist. There is visible swelling, but there is no active bleeding."
"F32","/Users/williamsacc/Documents/estudio_casos_asr/whisper.cpp/models/ggml-base-f32.bin",5,"audio04(dolor abdominal).wav",20.778666667,0.739696084,0.035598823,1,37,0.027027027,1,212,0.004716981,"The patient has had abdominal pain since yesterday evening. The pain is mainly located on the lower right side and has gradually become stronger. She also reports nausea and loss of appetite, but she has not vomited.","The patient has had abdominal pain since yesterday evening. The pain is mainly located on the lower right side and has gradually become stronger. She also reports nausea and lost of appetite, but she has not vomited."
"F32","/Users/williamsacc/Documents/estudio_casos_asr/whisper.cpp/models/ggml-base-f32.bin",5,"audio05(diabetes).wav",21.866666667,0.852411917,0.038982252,6,43,0.139534884,17,245,0.069387755,"The patient has type two diabetes and normally takes medication every morning. Today he forgot to take his medicine and began feeling dizzy and weak during the afternoon. He is conscious and able to speak, but he says his condition is getting worse.","The patient has type 2 diabetes and normally takes medication every morning. Today he is far good to take his medicine and began feeling this and weak during the afternoon. He is conscious and able to speak, but he said his condition is getting worse."
"F32","/Users/williamsacc/Documents/estudio_casos_asr/whisper.cpp/models/ggml-base-f32.bin",5,"audio06(fiebre).wav",21.248000000,0.808201417,0.038036588,5,38,0.131578947,13,220,0.059090909,"The patient has had a high fever since last night and has been feeling extremely tired. She also reports muscle pain, chills, and a persistent headache. She has been drinking water regularly and has not taken any antibiotics.","The patient has had a high fever signs last night and has been feeling extremely tired. She has a reports musical pain, shields and a persistent headache. She has been drinking water regularly and has not taken any antibiotics."
"F32","/Users/williamsacc/Documents/estudio_casos_asr/whisper.cpp/models/ggml-base-f32.bin",5,"audio07(respiracion).wav",22.656000000,0.844630791,0.037280667,3,40,0.075000000,6,235,0.025531915,"The patient has difficulty breathing when walking short distances and sometimes feels pressure in his chest. These symptoms began two days ago and have gradually become worse. He has a history of asthma but has not used his inhaler today.","The patient has difficulty breathing when walking short distance and sometimes feels pressure in his sheath. Test symptoms began two days ago and have gradually become worse. He has a history of asthma but has not used his inhaler today."
"F32","/Users/williamsacc/Documents/estudio_casos_asr/whisper.cpp/models/ggml-base-f32.bin",5,"audio08(herida).wav",22.613333333,0.881736209,0.038991872,3,43,0.069767442,11,256,0.042968750,"The patient cut her right hand while preparing food approximately forty minutes ago. The wound is still bleeding slightly, but she can move all of her fingers normally. She reports moderate pain and does not remember when she received her last tetanus vaccine.","The patient could her right hand while preparing food approximately 40 minutes ago. The woman is still bleeding slightly, but she can move all of her fingers normally. She reports moderate pain and does not remember when she received her last tetanus vaccine."
"F32","/Users/williamsacc/Documents/estudio_casos_asr/whisper.cpp/models/ggml-base-f32.bin",5,"audio09(mareo).wav",23.957333333,0.876241167,0.036575071,8,41,0.195121951,21,235,0.089361702,"The patient suddenly became dizzy while standing at work this morning. He did not lose consciousness, but he felt weak and had to sit down immediately. He has eaten very little today and says that similar symptoms happened once last month.","The patient suddenly become disequiled standing at work this morning. He did not lose consciousness, but he felt weak and had to sit down immediately. He has eaten very little today and said that similar symptoms have been made on last month."
"F32","/Users/williamsacc/Documents/estudio_casos_asr/whisper.cpp/models/ggml-base-f32.bin",5,"audio10(dolor cabeza).wav",26.112000000,0.907398584,0.034750252,4,44,0.090909091,11,258,0.042635659,"The patient has experienced a strong headache for approximately three hours. The pain is mainly located behind her eyes and becomes worse when she looks at bright lights. She also feels slightly nauseous but has no problems speaking or moving her arms and legs.","The patient has experienced a strong heat dutch for approximately 3 hours. The pain is mainly located behind her eyes and becomes worse when she looks at bright light. She also feels slightly nauseous but has no problems speaking or moving her arms and legs."
"F16","/Users/williamsacc/Documents/estudio_casos_asr/whisper.cpp/models/ggml-base-f16.bin",1,"audio01(dolor toracico).wav",19.690666667,0.615752459,0.031271285,5,41,0.121951220,17,228,0.074561404,"The patient reports severe chest pain that started about thirty minutes ago. The pain becomes stronger when he takes a deep breath, and he also feels short of breath. He has no known allergies and has not taken any medication today.","The patient reports several chest pain that started about 30 minutes ago. The pain becomes stronger, win, he takes a deep breath and he also feels short of breath. He has no knowledge and has not taken any medication today."
"F16","/Users/williamsacc/Documents/estudio_casos_asr/whisper.cpp/models/ggml-base-f16.bin",1,"audio02(alergia).wav",16.768000000,0.852302125,0.050829087,3,37,0.081081081,3,230,0.013043478,"The patient is allergic to penicillin and should not receive any medication containing it. She developed a severe skin rash after taking penicillin several years ago. She currently has a fever, a sore throat, and difficulty swallowing.","The patient is allergic to penicillin and should not receive any medication containing it. She developed a severed skin rash after taking penicillin several years ago. She currently has a fever, a sore throat and difficulty is wallowing."
"F16","/Users/williamsacc/Documents/estudio_casos_asr/whisper.cpp/models/ggml-base-f16.bin",1,"audio03(accidente).wav",16.597333333,0.554419000,0.033404101,2,38,0.052631579,3,205,0.014634146,"The patient fell from a bicycle approximately one hour ago and injured his left arm. He can move his fingers, but he feels severe pain near the wrist. There is visible swelling, but there is no active bleeding.","The patient fell from a bicycle approximately one hour ago and injured his left arm. He can move his fingers, but he feels several pain near the waist. There is visible swelling, but there is no active bleeding."
"F16","/Users/williamsacc/Documents/estudio_casos_asr/whisper.cpp/models/ggml-base-f16.bin",1,"audio04(dolor abdominal).wav",20.778666667,0.578971584,0.027863751,1,37,0.027027027,1,212,0.004716981,"The patient has had abdominal pain since yesterday evening. The pain is mainly located on the lower right side and has gradually become stronger. She also reports nausea and loss of appetite, but she has not vomited.","The patient has had abdominal pain since yesterday evening. The pain is mainly located on the lower right side and has gradually become stronger. She also reports nausea and lost of appetite, but she has not vomited."
"F16","/Users/williamsacc/Documents/estudio_casos_asr/whisper.cpp/models/ggml-base-f16.bin",1,"audio05(diabetes).wav",21.866666667,0.692218666,0.031656341,6,43,0.139534884,17,245,0.069387755,"The patient has type two diabetes and normally takes medication every morning. Today he forgot to take his medicine and began feeling dizzy and weak during the afternoon. He is conscious and able to speak, but he says his condition is getting worse.","The patient has type 2 diabetes and normally takes medication every morning. Today he is far good to take his medicine and began feeling this and weak during the afternoon. He is conscious and able to speak, but he said his condition is getting worse."
"F16","/Users/williamsacc/Documents/estudio_casos_asr/whisper.cpp/models/ggml-base-f16.bin",1,"audio06(fiebre).wav",21.248000000,0.638199541,0.030035746,5,38,0.131578947,13,220,0.059090909,"The patient has had a high fever since last night and has been feeling extremely tired. She also reports muscle pain, chills, and a persistent headache. She has been drinking water regularly and has not taken any antibiotics.","The patient has had a high fever signs last night and has been feeling extremely tired. She has a reports musical pain, shields and a persistent headache. She has been drinking water regularly and has not taken any antibiotics."
"F16","/Users/williamsacc/Documents/estudio_casos_asr/whisper.cpp/models/ggml-base-f16.bin",1,"audio07(respiracion).wav",22.656000000,0.654056125,0.028869003,3,40,0.075000000,6,235,0.025531915,"The patient has difficulty breathing when walking short distances and sometimes feels pressure in his chest. These symptoms began two days ago and have gradually become worse. He has a history of asthma but has not used his inhaler today.","The patient has difficulty breathing when walking short distance and sometimes feels pressure in his sheath. Test symptoms began two days ago and have gradually become worse. He has a history of asthma but has not used his inhaler today."
"F16","/Users/williamsacc/Documents/estudio_casos_asr/whisper.cpp/models/ggml-base-f16.bin",1,"audio08(herida).wav",22.613333333,0.687076250,0.030383679,3,43,0.069767442,11,256,0.042968750,"The patient cut her right hand while preparing food approximately forty minutes ago. The wound is still bleeding slightly, but she can move all of her fingers normally. She reports moderate pain and does not remember when she received her last tetanus vaccine.","The patient could her right hand while preparing food approximately 40 minutes ago. The woman is still bleeding slightly, but she can move all of her fingers normally. She reports moderate pain and does not remember when she received her last tetanus vaccine."
"F16","/Users/williamsacc/Documents/estudio_casos_asr/whisper.cpp/models/ggml-base-f16.bin",1,"audio09(mareo).wav",23.957333333,0.674583125,0.028157688,8,41,0.195121951,21,235,0.089361702,"The patient suddenly became dizzy while standing at work this morning. He did not lose consciousness, but he felt weak and had to sit down immediately. He has eaten very little today and says that similar symptoms happened once last month.","The patient suddenly become disequiled standing at work this morning. He did not lose consciousness, but he felt weak and had to sit down immediately. He has eaten very little today and said that similar symptoms have been made on last month."
"F16","/Users/williamsacc/Documents/estudio_casos_asr/whisper.cpp/models/ggml-base-f16.bin",1,"audio10(dolor cabeza).wav",26.112000000,0.691591916,0.026485597,4,44,0.090909091,11,258,0.042635659,"The patient has experienced a strong headache for approximately three hours. The pain is mainly located behind her eyes and becomes worse when she looks at bright lights. She also feels slightly nauseous but has no problems speaking or moving her arms and legs.","The patient has experienced a strong heat dutch for approximately 3 hours. The pain is mainly located behind her eyes and becomes worse when she looks at bright light. She also feels slightly nauseous but has no problems speaking or moving her arms and legs."
"F16","/Users/williamsacc/Documents/estudio_casos_asr/whisper.cpp/models/ggml-base-f16.bin",2,"audio01(dolor toracico).wav",19.690666667,0.640562291,0.032531265,5,41,0.121951220,17,228,0.074561404,"The patient reports severe chest pain that started about thirty minutes ago. The pain becomes stronger when he takes a deep breath, and he also feels short of breath. He has no known allergies and has not taken any medication today.","The patient reports several chest pain that started about 30 minutes ago. The pain becomes stronger, win, he takes a deep breath and he also feels short of breath. He has no knowledge and has not taken any medication today."
"F16","/Users/williamsacc/Documents/estudio_casos_asr/whisper.cpp/models/ggml-base-f16.bin",2,"audio02(alergia).wav",16.768000000,0.638340375,0.038068963,3,37,0.081081081,3,230,0.013043478,"The patient is allergic to penicillin and should not receive any medication containing it. She developed a severe skin rash after taking penicillin several years ago. She currently has a fever, a sore throat, and difficulty swallowing.","The patient is allergic to penicillin and should not receive any medication containing it. She developed a severed skin rash after taking penicillin several years ago. She currently has a fever, a sore throat and difficulty is wallowing."
"F16","/Users/williamsacc/Documents/estudio_casos_asr/whisper.cpp/models/ggml-base-f16.bin",2,"audio03(accidente).wav",16.597333333,0.600882000,0.036203527,2,38,0.052631579,3,205,0.014634146,"The patient fell from a bicycle approximately one hour ago and injured his left arm. He can move his fingers, but he feels severe pain near the wrist. There is visible swelling, but there is no active bleeding.","The patient fell from a bicycle approximately one hour ago and injured his left arm. He can move his fingers, but he feels several pain near the waist. There is visible swelling, but there is no active bleeding."
"F16","/Users/williamsacc/Documents/estudio_casos_asr/whisper.cpp/models/ggml-base-f16.bin",2,"audio04(dolor abdominal).wav",20.778666667,0.620742042,0.029874007,1,37,0.027027027,1,212,0.004716981,"The patient has had abdominal pain since yesterday evening. The pain is mainly located on the lower right side and has gradually become stronger. She also reports nausea and loss of appetite, but she has not vomited.","The patient has had abdominal pain since yesterday evening. The pain is mainly located on the lower right side and has gradually become stronger. She also reports nausea and lost of appetite, but she has not vomited."
"F16","/Users/williamsacc/Documents/estudio_casos_asr/whisper.cpp/models/ggml-base-f16.bin",2,"audio05(diabetes).wav",21.866666667,0.691158333,0.031607851,6,43,0.139534884,17,245,0.069387755,"The patient has type two diabetes and normally takes medication every morning. Today he forgot to take his medicine and began feeling dizzy and weak during the afternoon. He is conscious and able to speak, but he says his condition is getting worse.","The patient has type 2 diabetes and normally takes medication every morning. Today he is far good to take his medicine and began feeling this and weak during the afternoon. He is conscious and able to speak, but he said his condition is getting worse."
"F16","/Users/williamsacc/Documents/estudio_casos_asr/whisper.cpp/models/ggml-base-f16.bin",2,"audio06(fiebre).wav",21.248000000,0.645137208,0.030362256,5,38,0.131578947,13,220,0.059090909,"The patient has had a high fever since last night and has been feeling extremely tired. She also reports muscle pain, chills, and a persistent headache. She has been drinking water regularly and has not taken any antibiotics.","The patient has had a high fever signs last night and has been feeling extremely tired. She has a reports musical pain, shields and a persistent headache. She has been drinking water regularly and has not taken any antibiotics."
"F16","/Users/williamsacc/Documents/estudio_casos_asr/whisper.cpp/models/ggml-base-f16.bin",2,"audio07(respiracion).wav",22.656000000,0.625566333,0.027611508,3,40,0.075000000,6,235,0.025531915,"The patient has difficulty breathing when walking short distances and sometimes feels pressure in his chest. These symptoms began two days ago and have gradually become worse. He has a history of asthma but has not used his inhaler today.","The patient has difficulty breathing when walking short distance and sometimes feels pressure in his sheath. Test symptoms began two days ago and have gradually become worse. He has a history of asthma but has not used his inhaler today."
"F16","/Users/williamsacc/Documents/estudio_casos_asr/whisper.cpp/models/ggml-base-f16.bin",2,"audio08(herida).wav",22.613333333,0.687938209,0.030421796,3,43,0.069767442,11,256,0.042968750,"The patient cut her right hand while preparing food approximately forty minutes ago. The wound is still bleeding slightly, but she can move all of her fingers normally. She reports moderate pain and does not remember when she received her last tetanus vaccine.","The patient could her right hand while preparing food approximately 40 minutes ago. The woman is still bleeding slightly, but she can move all of her fingers normally. She reports moderate pain and does not remember when she received her last tetanus vaccine."
"F16","/Users/williamsacc/Documents/estudio_casos_asr/whisper.cpp/models/ggml-base-f16.bin",2,"audio09(mareo).wav",23.957333333,0.683193750,0.028517103,8,41,0.195121951,21,235,0.089361702,"The patient suddenly became dizzy while standing at work this morning. He did not lose consciousness, but he felt weak and had to sit down immediately. He has eaten very little today and says that similar symptoms happened once last month.","The patient suddenly become disequiled standing at work this morning. He did not lose consciousness, but he felt weak and had to sit down immediately. He has eaten very little today and said that similar symptoms have been made on last month."
"F16","/Users/williamsacc/Documents/estudio_casos_asr/whisper.cpp/models/ggml-base-f16.bin",2,"audio10(dolor cabeza).wav",26.112000000,0.697256834,0.026702544,4,44,0.090909091,11,258,0.042635659,"The patient has experienced a strong headache for approximately three hours. The pain is mainly located behind her eyes and becomes worse when she looks at bright lights. She also feels slightly nauseous but has no problems speaking or moving her arms and legs.","The patient has experienced a strong heat dutch for approximately 3 hours. The pain is mainly located behind her eyes and becomes worse when she looks at bright light. She also feels slightly nauseous but has no problems speaking or moving her arms and legs."
"F16","/Users/williamsacc/Documents/estudio_casos_asr/whisper.cpp/models/ggml-base-f16.bin",3,"audio01(dolor toracico).wav",19.690666667,0.627415459,0.031863597,5,41,0.121951220,17,228,0.074561404,"The patient reports severe chest pain that started about thirty minutes ago. The pain becomes stronger when he takes a deep breath, and he also feels short of breath. He has no known allergies and has not taken any medication today.","The patient reports several chest pain that started about 30 minutes ago. The pain becomes stronger, win, he takes a deep breath and he also feels short of breath. He has no knowledge and has not taken any medication today."
"F16","/Users/williamsacc/Documents/estudio_casos_asr/whisper.cpp/models/ggml-base-f16.bin",3,"audio02(alergia).wav",16.768000000,0.625163250,0.037283114,3,37,0.081081081,3,230,0.013043478,"The patient is allergic to penicillin and should not receive any medication containing it. She developed a severe skin rash after taking penicillin several years ago. She currently has a fever, a sore throat, and difficulty swallowing.","The patient is allergic to penicillin and should not receive any medication containing it. She developed a severed skin rash after taking penicillin several years ago. She currently has a fever, a sore throat and difficulty is wallowing."
"F16","/Users/williamsacc/Documents/estudio_casos_asr/whisper.cpp/models/ggml-base-f16.bin",3,"audio03(accidente).wav",16.597333333,0.620814250,0.037404458,2,38,0.052631579,3,205,0.014634146,"The patient fell from a bicycle approximately one hour ago and injured his left arm. He can move his fingers, but he feels severe pain near the wrist. There is visible swelling, but there is no active bleeding.","The patient fell from a bicycle approximately one hour ago and injured his left arm. He can move his fingers, but he feels several pain near the waist. There is visible swelling, but there is no active bleeding."
"F16","/Users/williamsacc/Documents/estudio_casos_asr/whisper.cpp/models/ggml-base-f16.bin",3,"audio04(dolor abdominal).wav",20.778666667,0.618444334,0.029763427,1,37,0.027027027,1,212,0.004716981,"The patient has had abdominal pain since yesterday evening. The pain is mainly located on the lower right side and has gradually become stronger. She also reports nausea and loss of appetite, but she has not vomited.","The patient has had abdominal pain since yesterday evening. The pain is mainly located on the lower right side and has gradually become stronger. She also reports nausea and lost of appetite, but she has not vomited."
"F16","/Users/williamsacc/Documents/estudio_casos_asr/whisper.cpp/models/ggml-base-f16.bin",3,"audio05(diabetes).wav",21.866666667,0.697242417,0.031886086,6,43,0.139534884,17,245,0.069387755,"The patient has type two diabetes and normally takes medication every morning. Today he forgot to take his medicine and began feeling dizzy and weak during the afternoon. He is conscious and able to speak, but he says his condition is getting worse.","The patient has type 2 diabetes and normally takes medication every morning. Today he is far good to take his medicine and began feeling this and weak during the afternoon. He is conscious and able to speak, but he said his condition is getting worse."
"F16","/Users/williamsacc/Documents/estudio_casos_asr/whisper.cpp/models/ggml-base-f16.bin",3,"audio06(fiebre).wav",21.248000000,0.656966750,0.030918992,5,38,0.131578947,13,220,0.059090909,"The patient has had a high fever since last night and has been feeling extremely tired. She also reports muscle pain, chills, and a persistent headache. She has been drinking water regularly and has not taken any antibiotics.","The patient has had a high fever signs last night and has been feeling extremely tired. She has a reports musical pain, shields and a persistent headache. She has been drinking water regularly and has not taken any antibiotics."
"F16","/Users/williamsacc/Documents/estudio_casos_asr/whisper.cpp/models/ggml-base-f16.bin",3,"audio07(respiracion).wav",22.656000000,0.663411334,0.029281927,3,40,0.075000000,6,235,0.025531915,"The patient has difficulty breathing when walking short distances and sometimes feels pressure in his chest. These symptoms began two days ago and have gradually become worse. He has a history of asthma but has not used his inhaler today.","The patient has difficulty breathing when walking short distance and sometimes feels pressure in his sheath. Test symptoms began two days ago and have gradually become worse. He has a history of asthma but has not used his inhaler today."
"F16","/Users/williamsacc/Documents/estudio_casos_asr/whisper.cpp/models/ggml-base-f16.bin",3,"audio08(herida).wav",22.613333333,0.701559458,0.031024151,3,43,0.069767442,11,256,0.042968750,"The patient cut her right hand while preparing food approximately forty minutes ago. The wound is still bleeding slightly, but she can move all of her fingers normally. She reports moderate pain and does not remember when she received her last tetanus vaccine.","The patient could her right hand while preparing food approximately 40 minutes ago. The woman is still bleeding slightly, but she can move all of her fingers normally. She reports moderate pain and does not remember when she received her last tetanus vaccine."
"F16","/Users/williamsacc/Documents/estudio_casos_asr/whisper.cpp/models/ggml-base-f16.bin",3,"audio09(mareo).wav",23.957333333,0.672043791,0.028051694,8,41,0.195121951,21,235,0.089361702,"The patient suddenly became dizzy while standing at work this morning. He did not lose consciousness, but he felt weak and had to sit down immediately. He has eaten very little today and says that similar symptoms happened once last month.","The patient suddenly become disequiled standing at work this morning. He did not lose consciousness, but he felt weak and had to sit down immediately. He has eaten very little today and said that similar symptoms have been made on last month."
"F16","/Users/williamsacc/Documents/estudio_casos_asr/whisper.cpp/models/ggml-base-f16.bin",3,"audio10(dolor cabeza).wav",26.112000000,0.697065667,0.026695223,4,44,0.090909091,11,258,0.042635659,"The patient has experienced a strong headache for approximately three hours. The pain is mainly located behind her eyes and becomes worse when she looks at bright lights. She also feels slightly nauseous but has no problems speaking or moving her arms and legs.","The patient has experienced a strong heat dutch for approximately 3 hours. The pain is mainly located behind her eyes and becomes worse when she looks at bright light. She also feels slightly nauseous but has no problems speaking or moving her arms and legs."
"F16","/Users/williamsacc/Documents/estudio_casos_asr/whisper.cpp/models/ggml-base-f16.bin",4,"audio01(dolor toracico).wav",19.690666667,0.629497000,0.031969309,5,41,0.121951220,17,228,0.074561404,"The patient reports severe chest pain that started about thirty minutes ago. The pain becomes stronger when he takes a deep breath, and he also feels short of breath. He has no known allergies and has not taken any medication today.","The patient reports several chest pain that started about 30 minutes ago. The pain becomes stronger, win, he takes a deep breath and he also feels short of breath. He has no knowledge and has not taken any medication today."
"F16","/Users/williamsacc/Documents/estudio_casos_asr/whisper.cpp/models/ggml-base-f16.bin",4,"audio02(alergia).wav",16.768000000,0.631375500,0.037653596,3,37,0.081081081,3,230,0.013043478,"The patient is allergic to penicillin and should not receive any medication containing it. She developed a severe skin rash after taking penicillin several years ago. She currently has a fever, a sore throat, and difficulty swallowing.","The patient is allergic to penicillin and should not receive any medication containing it. She developed a severed skin rash after taking penicillin several years ago. She currently has a fever, a sore throat and difficulty is wallowing."
"F16","/Users/williamsacc/Documents/estudio_casos_asr/whisper.cpp/models/ggml-base-f16.bin",4,"audio03(accidente).wav",16.597333333,0.619032708,0.037297118,2,38,0.052631579,3,205,0.014634146,"The patient fell from a bicycle approximately one hour ago and injured his left arm. He can move his fingers, but he feels severe pain near the wrist. There is visible swelling, but there is no active bleeding.","The patient fell from a bicycle approximately one hour ago and injured his left arm. He can move his fingers, but he feels several pain near the waist. There is visible swelling, but there is no active bleeding."
"F16","/Users/williamsacc/Documents/estudio_casos_asr/whisper.cpp/models/ggml-base-f16.bin",4,"audio04(dolor abdominal).wav",20.778666667,0.632319375,0.030431181,1,37,0.027027027,1,212,0.004716981,"The patient has had abdominal pain since yesterday evening. The pain is mainly located on the lower right side and has gradually become stronger. She also reports nausea and loss of appetite, but she has not vomited.","The patient has had abdominal pain since yesterday evening. The pain is mainly located on the lower right side and has gradually become stronger. She also reports nausea and lost of appetite, but she has not vomited."
"F16","/Users/williamsacc/Documents/estudio_casos_asr/whisper.cpp/models/ggml-base-f16.bin",4,"audio05(diabetes).wav",21.866666667,0.612471792,0.028009381,6,43,0.139534884,17,245,0.069387755,"The patient has type two diabetes and normally takes medication every morning. Today he forgot to take his medicine and began feeling dizzy and weak during the afternoon. He is conscious and able to speak, but he says his condition is getting worse.","The patient has type 2 diabetes and normally takes medication every morning. Today he is far good to take his medicine and began feeling this and weak during the afternoon. He is conscious and able to speak, but he said his condition is getting worse."
"F16","/Users/williamsacc/Documents/estudio_casos_asr/whisper.cpp/models/ggml-base-f16.bin",4,"audio06(fiebre).wav",21.248000000,0.636894959,0.029974349,5,38,0.131578947,13,220,0.059090909,"The patient has had a high fever since last night and has been feeling extremely tired. She also reports muscle pain, chills, and a persistent headache. She has been drinking water regularly and has not taken any antibiotics.","The patient has had a high fever signs last night and has been feeling extremely tired. She has a reports musical pain, shields and a persistent headache. She has been drinking water regularly and has not taken any antibiotics."
"F16","/Users/williamsacc/Documents/estudio_casos_asr/whisper.cpp/models/ggml-base-f16.bin",4,"audio07(respiracion).wav",22.656000000,0.655147916,0.028917193,3,40,0.075000000,6,235,0.025531915,"The patient has difficulty breathing when walking short distances and sometimes feels pressure in his chest. These symptoms began two days ago and have gradually become worse. He has a history of asthma but has not used his inhaler today.","The patient has difficulty breathing when walking short distance and sometimes feels pressure in his sheath. Test symptoms began two days ago and have gradually become worse. He has a history of asthma but has not used his inhaler today."
"F16","/Users/williamsacc/Documents/estudio_casos_asr/whisper.cpp/models/ggml-base-f16.bin",4,"audio08(herida).wav",22.613333333,0.648709917,0.028687054,3,43,0.069767442,11,256,0.042968750,"The patient cut her right hand while preparing food approximately forty minutes ago. The wound is still bleeding slightly, but she can move all of her fingers normally. She reports moderate pain and does not remember when she received her last tetanus vaccine.","The patient could her right hand while preparing food approximately 40 minutes ago. The woman is still bleeding slightly, but she can move all of her fingers normally. She reports moderate pain and does not remember when she received her last tetanus vaccine."
"F16","/Users/williamsacc/Documents/estudio_casos_asr/whisper.cpp/models/ggml-base-f16.bin",4,"audio09(mareo).wav",23.957333333,0.660001000,0.027549018,8,41,0.195121951,21,235,0.089361702,"The patient suddenly became dizzy while standing at work this morning. He did not lose consciousness, but he felt weak and had to sit down immediately. He has eaten very little today and says that similar symptoms happened once last month.","The patient suddenly become disequiled standing at work this morning. He did not lose consciousness, but he felt weak and had to sit down immediately. He has eaten very little today and said that similar symptoms have been made on last month."
"F16","/Users/williamsacc/Documents/estudio_casos_asr/whisper.cpp/models/ggml-base-f16.bin",4,"audio10(dolor cabeza).wav",26.112000000,0.704142500,0.026966242,4,44,0.090909091,11,258,0.042635659,"The patient has experienced a strong headache for approximately three hours. The pain is mainly located behind her eyes and becomes worse when she looks at bright lights. She also feels slightly nauseous but has no problems speaking or moving her arms and legs.","The patient has experienced a strong heat dutch for approximately 3 hours. The pain is mainly located behind her eyes and becomes worse when she looks at bright light. She also feels slightly nauseous but has no problems speaking or moving her arms and legs."
"F16","/Users/williamsacc/Documents/estudio_casos_asr/whisper.cpp/models/ggml-base-f16.bin",5,"audio01(dolor toracico).wav",19.690666667,0.647110542,0.032863821,5,41,0.121951220,17,228,0.074561404,"The patient reports severe chest pain that started about thirty minutes ago. The pain becomes stronger when he takes a deep breath, and he also feels short of breath. He has no known allergies and has not taken any medication today.","The patient reports several chest pain that started about 30 minutes ago. The pain becomes stronger, win, he takes a deep breath and he also feels short of breath. He has no knowledge and has not taken any medication today."
"F16","/Users/williamsacc/Documents/estudio_casos_asr/whisper.cpp/models/ggml-base-f16.bin",5,"audio02(alergia).wav",16.768000000,0.613868750,0.036609539,3,37,0.081081081,3,230,0.013043478,"The patient is allergic to penicillin and should not receive any medication containing it. She developed a severe skin rash after taking penicillin several years ago. She currently has a fever, a sore throat, and difficulty swallowing.","The patient is allergic to penicillin and should not receive any medication containing it. She developed a severed skin rash after taking penicillin several years ago. She currently has a fever, a sore throat and difficulty is wallowing."
"F16","/Users/williamsacc/Documents/estudio_casos_asr/whisper.cpp/models/ggml-base-f16.bin",5,"audio03(accidente).wav",16.597333333,0.540450584,0.032562495,2,38,0.052631579,3,205,0.014634146,"The patient fell from a bicycle approximately one hour ago and injured his left arm. He can move his fingers, but he feels severe pain near the wrist. There is visible swelling, but there is no active bleeding.","The patient fell from a bicycle approximately one hour ago and injured his left arm. He can move his fingers, but he feels several pain near the waist. There is visible swelling, but there is no active bleeding."
"F16","/Users/williamsacc/Documents/estudio_casos_asr/whisper.cpp/models/ggml-base-f16.bin",5,"audio04(dolor abdominal).wav",20.778666667,0.633750750,0.030500068,1,37,0.027027027,1,212,0.004716981,"The patient has had abdominal pain since yesterday evening. The pain is mainly located on the lower right side and has gradually become stronger. She also reports nausea and loss of appetite, but she has not vomited.","The patient has had abdominal pain since yesterday evening. The pain is mainly located on the lower right side and has gradually become stronger. She also reports nausea and lost of appetite, but she has not vomited."
"F16","/Users/williamsacc/Documents/estudio_casos_asr/whisper.cpp/models/ggml-base-f16.bin",5,"audio05(diabetes).wav",21.866666667,0.689944458,0.031552338,6,43,0.139534884,17,245,0.069387755,"The patient has type two diabetes and normally takes medication every morning. Today he forgot to take his medicine and began feeling dizzy and weak during the afternoon. He is conscious and able to speak, but he says his condition is getting worse.","The patient has type 2 diabetes and normally takes medication every morning. Today he is far good to take his medicine and began feeling this and weak during the afternoon. He is conscious and able to speak, but he said his condition is getting worse."
"F16","/Users/williamsacc/Documents/estudio_casos_asr/whisper.cpp/models/ggml-base-f16.bin",5,"audio06(fiebre).wav",21.248000000,0.618707709,0.029118397,5,38,0.131578947,13,220,0.059090909,"The patient has had a high fever since last night and has been feeling extremely tired. She also reports muscle pain, chills, and a persistent headache. She has been drinking water regularly and has not taken any antibiotics.","The patient has had a high fever signs last night and has been feeling extremely tired. She has a reports musical pain, shields and a persistent headache. She has been drinking water regularly and has not taken any antibiotics."
"F16","/Users/williamsacc/Documents/estudio_casos_asr/whisper.cpp/models/ggml-base-f16.bin",5,"audio07(respiracion).wav",22.656000000,0.643700750,0.028411933,3,40,0.075000000,6,235,0.025531915,"The patient has difficulty breathing when walking short distances and sometimes feels pressure in his chest. These symptoms began two days ago and have gradually become worse. He has a history of asthma but has not used his inhaler today.","The patient has difficulty breathing when walking short distance and sometimes feels pressure in his sheath. Test symptoms began two days ago and have gradually become worse. He has a history of asthma but has not used his inhaler today."
"F16","/Users/williamsacc/Documents/estudio_casos_asr/whisper.cpp/models/ggml-base-f16.bin",5,"audio08(herida).wav",22.613333333,0.689451000,0.030488694,3,43,0.069767442,11,256,0.042968750,"The patient cut her right hand while preparing food approximately forty minutes ago. The wound is still bleeding slightly, but she can move all of her fingers normally. She reports moderate pain and does not remember when she received her last tetanus vaccine.","The patient could her right hand while preparing food approximately 40 minutes ago. The woman is still bleeding slightly, but she can move all of her fingers normally. She reports moderate pain and does not remember when she received her last tetanus vaccine."
"F16","/Users/williamsacc/Documents/estudio_casos_asr/whisper.cpp/models/ggml-base-f16.bin",5,"audio09(mareo).wav",23.957333333,0.677232417,0.028268272,8,41,0.195121951,21,235,0.089361702,"The patient suddenly became dizzy while standing at work this morning. He did not lose consciousness, but he felt weak and had to sit down immediately. He has eaten very little today and says that similar symptoms happened once last month.","The patient suddenly become disequiled standing at work this morning. He did not lose consciousness, but he felt weak and had to sit down immediately. He has eaten very little today and said that similar symptoms have been made on last month."
"F16","/Users/williamsacc/Documents/estudio_casos_asr/whisper.cpp/models/ggml-base-f16.bin",5,"audio10(dolor cabeza).wav",26.112000000,0.661680417,0.025340089,4,44,0.090909091,11,258,0.042635659,"The patient has experienced a strong headache for approximately three hours. The pain is mainly located behind her eyes and becomes worse when she looks at bright lights. She also feels slightly nauseous but has no problems speaking or moving her arms and legs.","The patient has experienced a strong heat dutch for approximately 3 hours. The pain is mainly located behind her eyes and becomes worse when she looks at bright light. She also feels slightly nauseous but has no problems speaking or moving her arms and legs."
"Q8_0","/Users/williamsacc/Documents/estudio_casos_asr/whisper.cpp/models/ggml-base-q8_0.bin",1,"audio01(dolor toracico).wav",19.690666667,0.587142791,0.029818330,5,41,0.121951220,17,228,0.074561404,"The patient reports severe chest pain that started about thirty minutes ago. The pain becomes stronger when he takes a deep breath, and he also feels short of breath. He has no known allergies and has not taken any medication today.","The patient reports several chest pain that started about 30 minutes ago. The pain becomes stronger, win, he takes a deep breath and he also feels short of breath. He has no knowledge and has not taken any medication today."
"Q8_0","/Users/williamsacc/Documents/estudio_casos_asr/whisper.cpp/models/ggml-base-q8_0.bin",1,"audio02(alergia).wav",16.768000000,0.620364750,0.036996944,3,37,0.081081081,3,230,0.013043478,"The patient is allergic to penicillin and should not receive any medication containing it. She developed a severe skin rash after taking penicillin several years ago. She currently has a fever, a sore throat, and difficulty swallowing.","The patient is allergic to penicillin and should not receive any medication containing it. She developed a severed skin rash after taking penicillin several years ago. She currently has a fever, a sore throat and difficulty is wallowing."
"Q8_0","/Users/williamsacc/Documents/estudio_casos_asr/whisper.cpp/models/ggml-base-q8_0.bin",1,"audio03(accidente).wav",16.597333333,0.564518083,0.034012577,2,38,0.052631579,3,205,0.014634146,"The patient fell from a bicycle approximately one hour ago and injured his left arm. He can move his fingers, but he feels severe pain near the wrist. There is visible swelling, but there is no active bleeding.","The patient fell from a bicycle approximately one hour ago and injured his left arm. He can move his fingers, but he feels several pain near the waist. There is visible swelling, but there is no active bleeding."
"Q8_0","/Users/williamsacc/Documents/estudio_casos_asr/whisper.cpp/models/ggml-base-q8_0.bin",1,"audio04(dolor abdominal).wav",20.778666667,0.551022291,0.026518655,2,37,0.054054054,4,212,0.018867925,"The patient has had abdominal pain since yesterday evening. The pain is mainly located on the lower right side and has gradually become stronger. She also reports nausea and loss of appetite, but she has not vomited.","The patient has had abdominal pain since yesterday evening. The pain is mainly located on the lower right side and has gradually become stronger. She also reports nausea and lost appetite, but she has not vomited."
"Q8_0","/Users/williamsacc/Documents/estudio_casos_asr/whisper.cpp/models/ggml-base-q8_0.bin",1,"audio05(diabetes).wav",21.866666667,0.643839375,0.029443874,6,43,0.139534884,17,245,0.069387755,"The patient has type two diabetes and normally takes medication every morning. Today he forgot to take his medicine and began feeling dizzy and weak during the afternoon. He is conscious and able to speak, but he says his condition is getting worse.","The patient has type 2 diabetes and normally takes medication every morning. Today he is far good to take his medicine and began feeling this and weak during the afternoon. He is conscious and able to speak, but he said his condition is getting worse."
"Q8_0","/Users/williamsacc/Documents/estudio_casos_asr/whisper.cpp/models/ggml-base-q8_0.bin",1,"audio06(fiebre).wav",21.248000000,0.564828500,0.026582667,5,38,0.131578947,13,220,0.059090909,"The patient has had a high fever since last night and has been feeling extremely tired. She also reports muscle pain, chills, and a persistent headache. She has been drinking water regularly and has not taken any antibiotics.","The patient has had a high fever signs last night and has been feeling extremely tired. She has a reports musical pain, shields and a persistent headache. She has been drinking water regularly and has not taken any antibiotics."
"Q8_0","/Users/williamsacc/Documents/estudio_casos_asr/whisper.cpp/models/ggml-base-q8_0.bin",1,"audio07(respiracion).wav",22.656000000,0.657299208,0.029012147,6,40,0.150000000,14,235,0.059574468,"The patient has difficulty breathing when walking short distances and sometimes feels pressure in his chest. These symptoms began two days ago and have gradually become worse. He has a history of asthma but has not used his inhaler today.","The patient has difficulty breathing, going well in short distance and sometimes feels pressure in his sheath. Test symptoms began two days ago and have gradually become worse. He has a history of asthma but has not used his inhaler today."
"Q8_0","/Users/williamsacc/Documents/estudio_casos_asr/whisper.cpp/models/ggml-base-q8_0.bin",1,"audio08(herida).wav",22.613333333,0.652372792,0.028849033,2,43,0.046511628,8,256,0.031250000,"The patient cut her right hand while preparing food approximately forty minutes ago. The wound is still bleeding slightly, but she can move all of her fingers normally. She reports moderate pain and does not remember when she received her last tetanus vaccine.","The patient could her right hand while preparing food approximately 40 minutes ago. The wound is still bleeding slightly, but she can move all of her fingers normally. She reports moderate pain and does not remember when she received her last tetanus vaccine."
"Q8_0","/Users/williamsacc/Documents/estudio_casos_asr/whisper.cpp/models/ggml-base-q8_0.bin",1,"audio09(mareo).wav",23.957333333,0.655607792,0.027365641,11,41,0.268292683,30,235,0.127659574,"The patient suddenly became dizzy while standing at work this morning. He did not lose consciousness, but he felt weak and had to sit down immediately. He has eaten very little today and says that similar symptoms happened once last month.","The patient suddenly become disequiled standing at work this morning. He did not lose consciousness, but he feel weak and had to sit down in the middle. He has eaten very little today and said that similar symptoms have knit on last month."
"Q8_0","/Users/williamsacc/Documents/estudio_casos_asr/whisper.cpp/models/ggml-base-q8_0.bin",1,"audio10(dolor cabeza).wav",26.112000000,0.621850500,0.023814740,4,44,0.090909091,11,258,0.042635659,"The patient has experienced a strong headache for approximately three hours. The pain is mainly located behind her eyes and becomes worse when she looks at bright lights. She also feels slightly nauseous but has no problems speaking or moving her arms and legs.","The patient has experienced a strong heat dodge for approximately 3 hours. The pain is mainly located behind her eyes and becomes worse when she looks at bright light. She also feels slightly nauseous but has no problems speaking or moving her arms and legs."
"Q8_0","/Users/williamsacc/Documents/estudio_casos_asr/whisper.cpp/models/ggml-base-q8_0.bin",2,"audio01(dolor toracico).wav",19.690666667,0.606559750,0.030804429,5,41,0.121951220,17,228,0.074561404,"The patient reports severe chest pain that started about thirty minutes ago. The pain becomes stronger when he takes a deep breath, and he also feels short of breath. He has no known allergies and has not taken any medication today.","The patient reports several chest pain that started about 30 minutes ago. The pain becomes stronger, win, he takes a deep breath and he also feels short of breath. He has no knowledge and has not taken any medication today."
"Q8_0","/Users/williamsacc/Documents/estudio_casos_asr/whisper.cpp/models/ggml-base-q8_0.bin",2,"audio02(alergia).wav",16.768000000,0.669506958,0.039927657,3,37,0.081081081,3,230,0.013043478,"The patient is allergic to penicillin and should not receive any medication containing it. She developed a severe skin rash after taking penicillin several years ago. She currently has a fever, a sore throat, and difficulty swallowing.","The patient is allergic to penicillin and should not receive any medication containing it. She developed a severed skin rash after taking penicillin several years ago. She currently has a fever, a sore throat and difficulty is wallowing."
"Q8_0","/Users/williamsacc/Documents/estudio_casos_asr/whisper.cpp/models/ggml-base-q8_0.bin",2,"audio03(accidente).wav",16.597333333,0.571799917,0.034451312,2,38,0.052631579,3,205,0.014634146,"The patient fell from a bicycle approximately one hour ago and injured his left arm. He can move his fingers, but he feels severe pain near the wrist. There is visible swelling, but there is no active bleeding.","The patient fell from a bicycle approximately one hour ago and injured his left arm. He can move his fingers, but he feels several pain near the waist. There is visible swelling, but there is no active bleeding."
"Q8_0","/Users/williamsacc/Documents/estudio_casos_asr/whisper.cpp/models/ggml-base-q8_0.bin",2,"audio04(dolor abdominal).wav",20.778666667,0.565196042,0.027200785,2,37,0.054054054,4,212,0.018867925,"The patient has had abdominal pain since yesterday evening. The pain is mainly located on the lower right side and has gradually become stronger. She also reports nausea and loss of appetite, but she has not vomited.","The patient has had abdominal pain since yesterday evening. The pain is mainly located on the lower right side and has gradually become stronger. She also reports nausea and lost appetite, but she has not vomited."
"Q8_0","/Users/williamsacc/Documents/estudio_casos_asr/whisper.cpp/models/ggml-base-q8_0.bin",2,"audio05(diabetes).wav",21.866666667,0.645557542,0.029522449,6,43,0.139534884,17,245,0.069387755,"The patient has type two diabetes and normally takes medication every morning. Today he forgot to take his medicine and began feeling dizzy and weak during the afternoon. He is conscious and able to speak, but he says his condition is getting worse.","The patient has type 2 diabetes and normally takes medication every morning. Today he is far good to take his medicine and began feeling this and weak during the afternoon. He is conscious and able to speak, but he said his condition is getting worse."
"Q8_0","/Users/williamsacc/Documents/estudio_casos_asr/whisper.cpp/models/ggml-base-q8_0.bin",2,"audio06(fiebre).wav",21.248000000,0.602532375,0.028357134,5,38,0.131578947,13,220,0.059090909,"The patient has had a high fever since last night and has been feeling extremely tired. She also reports muscle pain, chills, and a persistent headache. She has been drinking water regularly and has not taken any antibiotics.","The patient has had a high fever signs last night and has been feeling extremely tired. She has a reports musical pain, shields and a persistent headache. She has been drinking water regularly and has not taken any antibiotics."
"Q8_0","/Users/williamsacc/Documents/estudio_casos_asr/whisper.cpp/models/ggml-base-q8_0.bin",2,"audio07(respiracion).wav",22.656000000,0.642498500,0.028358867,6,40,0.150000000,14,235,0.059574468,"The patient has difficulty breathing when walking short distances and sometimes feels pressure in his chest. These symptoms began two days ago and have gradually become worse. He has a history of asthma but has not used his inhaler today.","The patient has difficulty breathing, going well in short distance and sometimes feels pressure in his sheath. Test symptoms began two days ago and have gradually become worse. He has a history of asthma but has not used his inhaler today."
"Q8_0","/Users/williamsacc/Documents/estudio_casos_asr/whisper.cpp/models/ggml-base-q8_0.bin",2,"audio08(herida).wav",22.613333333,0.650108000,0.028748880,2,43,0.046511628,8,256,0.031250000,"The patient cut her right hand while preparing food approximately forty minutes ago. The wound is still bleeding slightly, but she can move all of her fingers normally. She reports moderate pain and does not remember when she received her last tetanus vaccine.","The patient could her right hand while preparing food approximately 40 minutes ago. The wound is still bleeding slightly, but she can move all of her fingers normally. She reports moderate pain and does not remember when she received her last tetanus vaccine."
"Q8_0","/Users/williamsacc/Documents/estudio_casos_asr/whisper.cpp/models/ggml-base-q8_0.bin",2,"audio09(mareo).wav",23.957333333,0.630437875,0.026315027,11,41,0.268292683,30,235,0.127659574,"The patient suddenly became dizzy while standing at work this morning. He did not lose consciousness, but he felt weak and had to sit down immediately. He has eaten very little today and says that similar symptoms happened once last month.","The patient suddenly become disequiled standing at work this morning. He did not lose consciousness, but he feel weak and had to sit down in the middle. He has eaten very little today and said that similar symptoms have knit on last month."
"Q8_0","/Users/williamsacc/Documents/estudio_casos_asr/whisper.cpp/models/ggml-base-q8_0.bin",2,"audio10(dolor cabeza).wav",26.112000000,0.648289209,0.024827252,4,44,0.090909091,11,258,0.042635659,"The patient has experienced a strong headache for approximately three hours. The pain is mainly located behind her eyes and becomes worse when she looks at bright lights. She also feels slightly nauseous but has no problems speaking or moving her arms and legs.","The patient has experienced a strong heat dodge for approximately 3 hours. The pain is mainly located behind her eyes and becomes worse when she looks at bright light. She also feels slightly nauseous but has no problems speaking or moving her arms and legs."
"Q8_0","/Users/williamsacc/Documents/estudio_casos_asr/whisper.cpp/models/ggml-base-q8_0.bin",3,"audio01(dolor toracico).wav",19.690666667,0.592016500,0.030065843,5,41,0.121951220,17,228,0.074561404,"The patient reports severe chest pain that started about thirty minutes ago. The pain becomes stronger when he takes a deep breath, and he also feels short of breath. He has no known allergies and has not taken any medication today.","The patient reports several chest pain that started about 30 minutes ago. The pain becomes stronger, win, he takes a deep breath and he also feels short of breath. He has no knowledge and has not taken any medication today."
"Q8_0","/Users/williamsacc/Documents/estudio_casos_asr/whisper.cpp/models/ggml-base-q8_0.bin",3,"audio02(alergia).wav",16.768000000,0.674152875,0.040204728,3,37,0.081081081,3,230,0.013043478,"The patient is allergic to penicillin and should not receive any medication containing it. She developed a severe skin rash after taking penicillin several years ago. She currently has a fever, a sore throat, and difficulty swallowing.","The patient is allergic to penicillin and should not receive any medication containing it. She developed a severed skin rash after taking penicillin several years ago. She currently has a fever, a sore throat and difficulty is wallowing."
"Q8_0","/Users/williamsacc/Documents/estudio_casos_asr/whisper.cpp/models/ggml-base-q8_0.bin",3,"audio03(accidente).wav",16.597333333,0.595962625,0.035907131,2,38,0.052631579,3,205,0.014634146,"The patient fell from a bicycle approximately one hour ago and injured his left arm. He can move his fingers, but he feels severe pain near the wrist. There is visible swelling, but there is no active bleeding.","The patient fell from a bicycle approximately one hour ago and injured his left arm. He can move his fingers, but he feels several pain near the waist. There is visible swelling, but there is no active bleeding."
"Q8_0","/Users/williamsacc/Documents/estudio_casos_asr/whisper.cpp/models/ggml-base-q8_0.bin",3,"audio04(dolor abdominal).wav",20.778666667,0.526165792,0.025322404,2,37,0.054054054,4,212,0.018867925,"The patient has had abdominal pain since yesterday evening. The pain is mainly located on the lower right side and has gradually become stronger. She also reports nausea and loss of appetite, but she has not vomited.","The patient has had abdominal pain since yesterday evening. The pain is mainly located on the lower right side and has gradually become stronger. She also reports nausea and lost appetite, but she has not vomited."
"Q8_0","/Users/williamsacc/Documents/estudio_casos_asr/whisper.cpp/models/ggml-base-q8_0.bin",3,"audio05(diabetes).wav",21.866666667,0.569316500,0.026035816,6,43,0.139534884,17,245,0.069387755,"The patient has type two diabetes and normally takes medication every morning. Today he forgot to take his medicine and began feeling dizzy and weak during the afternoon. He is conscious and able to speak, but he says his condition is getting worse.","The patient has type 2 diabetes and normally takes medication every morning. Today he is far good to take his medicine and began feeling this and weak during the afternoon. He is conscious and able to speak, but he said his condition is getting worse."
"Q8_0","/Users/williamsacc/Documents/estudio_casos_asr/whisper.cpp/models/ggml-base-q8_0.bin",3,"audio06(fiebre).wav",21.248000000,0.628005041,0.029555960,5,38,0.131578947,13,220,0.059090909,"The patient has had a high fever since last night and has been feeling extremely tired. She also reports muscle pain, chills, and a persistent headache. She has been drinking water regularly and has not taken any antibiotics.","The patient has had a high fever signs last night and has been feeling extremely tired. She has a reports musical pain, shields and a persistent headache. She has been drinking water regularly and has not taken any antibiotics."
"Q8_0","/Users/williamsacc/Documents/estudio_casos_asr/whisper.cpp/models/ggml-base-q8_0.bin",3,"audio07(respiracion).wav",22.656000000,0.662947125,0.029261437,6,40,0.150000000,14,235,0.059574468,"The patient has difficulty breathing when walking short distances and sometimes feels pressure in his chest. These symptoms began two days ago and have gradually become worse. He has a history of asthma but has not used his inhaler today.","The patient has difficulty breathing, going well in short distance and sometimes feels pressure in his sheath. Test symptoms began two days ago and have gradually become worse. He has a history of asthma but has not used his inhaler today."
"Q8_0","/Users/williamsacc/Documents/estudio_casos_asr/whisper.cpp/models/ggml-base-q8_0.bin",3,"audio08(herida).wav",22.613333333,0.688643750,0.030452996,2,43,0.046511628,8,256,0.031250000,"The patient cut her right hand while preparing food approximately forty minutes ago. The wound is still bleeding slightly, but she can move all of her fingers normally. She reports moderate pain and does not remember when she received her last tetanus vaccine.","The patient could her right hand while preparing food approximately 40 minutes ago. The wound is still bleeding slightly, but she can move all of her fingers normally. She reports moderate pain and does not remember when she received her last tetanus vaccine."
"Q8_0","/Users/williamsacc/Documents/estudio_casos_asr/whisper.cpp/models/ggml-base-q8_0.bin",3,"audio09(mareo).wav",23.957333333,0.648257875,0.027058849,11,41,0.268292683,30,235,0.127659574,"The patient suddenly became dizzy while standing at work this morning. He did not lose consciousness, but he felt weak and had to sit down immediately. He has eaten very little today and says that similar symptoms happened once last month.","The patient suddenly become disequiled standing at work this morning. He did not lose consciousness, but he feel weak and had to sit down in the middle. He has eaten very little today and said that similar symptoms have knit on last month."
"Q8_0","/Users/williamsacc/Documents/estudio_casos_asr/whisper.cpp/models/ggml-base-q8_0.bin",3,"audio10(dolor cabeza).wav",26.112000000,0.664774583,0.025458585,4,44,0.090909091,11,258,0.042635659,"The patient has experienced a strong headache for approximately three hours. The pain is mainly located behind her eyes and becomes worse when she looks at bright lights. She also feels slightly nauseous but has no problems speaking or moving her arms and legs.","The patient has experienced a strong heat dodge for approximately 3 hours. The pain is mainly located behind her eyes and becomes worse when she looks at bright light. She also feels slightly nauseous but has no problems speaking or moving her arms and legs."
"Q8_0","/Users/williamsacc/Documents/estudio_casos_asr/whisper.cpp/models/ggml-base-q8_0.bin",4,"audio01(dolor toracico).wav",19.690666667,0.607051291,0.030829392,5,41,0.121951220,17,228,0.074561404,"The patient reports severe chest pain that started about thirty minutes ago. The pain becomes stronger when he takes a deep breath, and he also feels short of breath. He has no known allergies and has not taken any medication today.","The patient reports several chest pain that started about 30 minutes ago. The pain becomes stronger, win, he takes a deep breath and he also feels short of breath. He has no knowledge and has not taken any medication today."
"Q8_0","/Users/williamsacc/Documents/estudio_casos_asr/whisper.cpp/models/ggml-base-q8_0.bin",4,"audio02(alergia).wav",16.768000000,0.699847458,0.041737086,3,37,0.081081081,3,230,0.013043478,"The patient is allergic to penicillin and should not receive any medication containing it. She developed a severe skin rash after taking penicillin several years ago. She currently has a fever, a sore throat, and difficulty swallowing.","The patient is allergic to penicillin and should not receive any medication containing it. She developed a severed skin rash after taking penicillin several years ago. She currently has a fever, a sore throat and difficulty is wallowing."
"Q8_0","/Users/williamsacc/Documents/estudio_casos_asr/whisper.cpp/models/ggml-base-q8_0.bin",4,"audio03(accidente).wav",16.597333333,0.602023416,0.036272298,2,38,0.052631579,3,205,0.014634146,"The patient fell from a bicycle approximately one hour ago and injured his left arm. He can move his fingers, but he feels severe pain near the wrist. There is visible swelling, but there is no active bleeding.","The patient fell from a bicycle approximately one hour ago and injured his left arm. He can move his fingers, but he feels several pain near the waist. There is visible swelling, but there is no active bleeding."
"Q8_0","/Users/williamsacc/Documents/estudio_casos_asr/whisper.cpp/models/ggml-base-q8_0.bin",4,"audio04(dolor abdominal).wav",20.778666667,0.561500333,0.027022924,2,37,0.054054054,4,212,0.018867925,"The patient has had abdominal pain since yesterday evening. The pain is mainly located on the lower right side and has gradually become stronger. She also reports nausea and loss of appetite, but she has not vomited.","The patient has had abdominal pain since yesterday evening. The pain is mainly located on the lower right side and has gradually become stronger. She also reports nausea and lost appetite, but she has not vomited."
"Q8_0","/Users/williamsacc/Documents/estudio_casos_asr/whisper.cpp/models/ggml-base-q8_0.bin",4,"audio05(diabetes).wav",21.866666667,0.634673875,0.029024720,6,43,0.139534884,17,245,0.069387755,"The patient has type two diabetes and normally takes medication every morning. Today he forgot to take his medicine and began feeling dizzy and weak during the afternoon. He is conscious and able to speak, but he says his condition is getting worse.","The patient has type 2 diabetes and normally takes medication every morning. Today he is far good to take his medicine and began feeling this and weak during the afternoon. He is conscious and able to speak, but he said his condition is getting worse."
"Q8_0","/Users/williamsacc/Documents/estudio_casos_asr/whisper.cpp/models/ggml-base-q8_0.bin",4,"audio06(fiebre).wav",21.248000000,0.585281042,0.027545230,5,38,0.131578947,13,220,0.059090909,"The patient has had a high fever since last night and has been feeling extremely tired. She also reports muscle pain, chills, and a persistent headache. She has been drinking water regularly and has not taken any antibiotics.","The patient has had a high fever signs last night and has been feeling extremely tired. She has a reports musical pain, shields and a persistent headache. She has been drinking water regularly and has not taken any antibiotics."
"Q8_0","/Users/williamsacc/Documents/estudio_casos_asr/whisper.cpp/models/ggml-base-q8_0.bin",4,"audio07(respiracion).wav",22.656000000,0.667344667,0.029455538,6,40,0.150000000,14,235,0.059574468,"The patient has difficulty breathing when walking short distances and sometimes feels pressure in his chest. These symptoms began two days ago and have gradually become worse. He has a history of asthma but has not used his inhaler today.","The patient has difficulty breathing, going well in short distance and sometimes feels pressure in his sheath. Test symptoms began two days ago and have gradually become worse. He has a history of asthma but has not used his inhaler today."
"Q8_0","/Users/williamsacc/Documents/estudio_casos_asr/whisper.cpp/models/ggml-base-q8_0.bin",4,"audio08(herida).wav",22.613333333,0.727543292,0.032173200,2,43,0.046511628,8,256,0.031250000,"The patient cut her right hand while preparing food approximately forty minutes ago. The wound is still bleeding slightly, but she can move all of her fingers normally. She reports moderate pain and does not remember when she received her last tetanus vaccine.","The patient could her right hand while preparing food approximately 40 minutes ago. The wound is still bleeding slightly, but she can move all of her fingers normally. She reports moderate pain and does not remember when she received her last tetanus vaccine."
"Q8_0","/Users/williamsacc/Documents/estudio_casos_asr/whisper.cpp/models/ggml-base-q8_0.bin",4,"audio09(mareo).wav",23.957333333,0.668648500,0.027909972,11,41,0.268292683,30,235,0.127659574,"The patient suddenly became dizzy while standing at work this morning. He did not lose consciousness, but he felt weak and had to sit down immediately. He has eaten very little today and says that similar symptoms happened once last month.","The patient suddenly become disequiled standing at work this morning. He did not lose consciousness, but he feel weak and had to sit down in the middle. He has eaten very little today and said that similar symptoms have knit on last month."
"Q8_0","/Users/williamsacc/Documents/estudio_casos_asr/whisper.cpp/models/ggml-base-q8_0.bin",4,"audio10(dolor cabeza).wav",26.112000000,0.651625916,0.024955037,4,44,0.090909091,11,258,0.042635659,"The patient has experienced a strong headache for approximately three hours. The pain is mainly located behind her eyes and becomes worse when she looks at bright lights. She also feels slightly nauseous but has no problems speaking or moving her arms and legs.","The patient has experienced a strong heat dodge for approximately 3 hours. The pain is mainly located behind her eyes and becomes worse when she looks at bright light. She also feels slightly nauseous but has no problems speaking or moving her arms and legs."
"Q8_0","/Users/williamsacc/Documents/estudio_casos_asr/whisper.cpp/models/ggml-base-q8_0.bin",5,"audio01(dolor toracico).wav",19.690666667,0.578906667,0.029400054,5,41,0.121951220,17,228,0.074561404,"The patient reports severe chest pain that started about thirty minutes ago. The pain becomes stronger when he takes a deep breath, and he also feels short of breath. He has no known allergies and has not taken any medication today.","The patient reports several chest pain that started about 30 minutes ago. The pain becomes stronger, win, he takes a deep breath and he also feels short of breath. He has no knowledge and has not taken any medication today."
"Q8_0","/Users/williamsacc/Documents/estudio_casos_asr/whisper.cpp/models/ggml-base-q8_0.bin",5,"audio02(alergia).wav",16.768000000,0.619850292,0.036966263,3,37,0.081081081,3,230,0.013043478,"The patient is allergic to penicillin and should not receive any medication containing it. She developed a severe skin rash after taking penicillin several years ago. She currently has a fever, a sore throat, and difficulty swallowing.","The patient is allergic to penicillin and should not receive any medication containing it. She developed a severed skin rash after taking penicillin several years ago. She currently has a fever, a sore throat and difficulty is wallowing."
"Q8_0","/Users/williamsacc/Documents/estudio_casos_asr/whisper.cpp/models/ggml-base-q8_0.bin",5,"audio03(accidente).wav",16.597333333,0.567402834,0.034186385,2,38,0.052631579,3,205,0.014634146,"The patient fell from a bicycle approximately one hour ago and injured his left arm. He can move his fingers, but he feels severe pain near the wrist. There is visible swelling, but there is no active bleeding.","The patient fell from a bicycle approximately one hour ago and injured his left arm. He can move his fingers, but he feels several pain near the waist. There is visible swelling, but there is no active bleeding."
"Q8_0","/Users/williamsacc/Documents/estudio_casos_asr/whisper.cpp/models/ggml-base-q8_0.bin",5,"audio04(dolor abdominal).wav",20.778666667,0.573983584,0.027623697,2,37,0.054054054,4,212,0.018867925,"The patient has had abdominal pain since yesterday evening. The pain is mainly located on the lower right side and has gradually become stronger. She also reports nausea and loss of appetite, but she has not vomited.","The patient has had abdominal pain since yesterday evening. The pain is mainly located on the lower right side and has gradually become stronger. She also reports nausea and lost appetite, but she has not vomited."
"Q8_0","/Users/williamsacc/Documents/estudio_casos_asr/whisper.cpp/models/ggml-base-q8_0.bin",5,"audio05(diabetes).wav",21.866666667,0.659323458,0.030151987,6,43,0.139534884,17,245,0.069387755,"The patient has type two diabetes and normally takes medication every morning. Today he forgot to take his medicine and began feeling dizzy and weak during the afternoon. He is conscious and able to speak, but he says his condition is getting worse.","The patient has type 2 diabetes and normally takes medication every morning. Today he is far good to take his medicine and began feeling this and weak during the afternoon. He is conscious and able to speak, but he said his condition is getting worse."
"Q8_0","/Users/williamsacc/Documents/estudio_casos_asr/whisper.cpp/models/ggml-base-q8_0.bin",5,"audio06(fiebre).wav",21.248000000,0.619387584,0.029150395,5,38,0.131578947,13,220,0.059090909,"The patient has had a high fever since last night and has been feeling extremely tired. She also reports muscle pain, chills, and a persistent headache. She has been drinking water regularly and has not taken any antibiotics.","The patient has had a high fever signs last night and has been feeling extremely tired. She has a reports musical pain, shields and a persistent headache. She has been drinking water regularly and has not taken any antibiotics."
"Q8_0","/Users/williamsacc/Documents/estudio_casos_asr/whisper.cpp/models/ggml-base-q8_0.bin",5,"audio07(respiracion).wav",22.656000000,0.622360542,0.027470010,6,40,0.150000000,14,235,0.059574468,"The patient has difficulty breathing when walking short distances and sometimes feels pressure in his chest. These symptoms began two days ago and have gradually become worse. He has a history of asthma but has not used his inhaler today.","The patient has difficulty breathing, going well in short distance and sometimes feels pressure in his sheath. Test symptoms began two days ago and have gradually become worse. He has a history of asthma but has not used his inhaler today."
"Q8_0","/Users/williamsacc/Documents/estudio_casos_asr/whisper.cpp/models/ggml-base-q8_0.bin",5,"audio08(herida).wav",22.613333333,0.647912666,0.028651798,2,43,0.046511628,8,256,0.031250000,"The patient cut her right hand while preparing food approximately forty minutes ago. The wound is still bleeding slightly, but she can move all of her fingers normally. She reports moderate pain and does not remember when she received her last tetanus vaccine.","The patient could her right hand while preparing food approximately 40 minutes ago. The wound is still bleeding slightly, but she can move all of her fingers normally. She reports moderate pain and does not remember when she received her last tetanus vaccine."
"Q8_0","/Users/williamsacc/Documents/estudio_casos_asr/whisper.cpp/models/ggml-base-q8_0.bin",5,"audio09(mareo).wav",23.957333333,0.648158459,0.027054700,11,41,0.268292683,30,235,0.127659574,"The patient suddenly became dizzy while standing at work this morning. He did not lose consciousness, but he felt weak and had to sit down immediately. He has eaten very little today and says that similar symptoms happened once last month.","The patient suddenly become disequiled standing at work this morning. He did not lose consciousness, but he feel weak and had to sit down in the middle. He has eaten very little today and said that similar symptoms have knit on last month."
"Q8_0","/Users/williamsacc/Documents/estudio_casos_asr/whisper.cpp/models/ggml-base-q8_0.bin",5,"audio10(dolor cabeza).wav",26.112000000,0.616611708,0.023614113,4,44,0.090909091,11,258,0.042635659,"The patient has experienced a strong headache for approximately three hours. The pain is mainly located behind her eyes and becomes worse when she looks at bright lights. She also feels slightly nauseous but has no problems speaking or moving her arms and legs.","The patient has experienced a strong heat dodge for approximately 3 hours. The pain is mainly located behind her eyes and becomes worse when she looks at bright light. She also feels slightly nauseous but has no problems speaking or moving her arms and legs."
"Q5_1","/Users/williamsacc/Documents/estudio_casos_asr/whisper.cpp/models/ggml-base-q5_1.bin",1,"audio01(dolor toracico).wav",19.690666667,0.624583417,0.031719770,5,41,0.121951220,17,228,0.074561404,"The patient reports severe chest pain that started about thirty minutes ago. The pain becomes stronger when he takes a deep breath, and he also feels short of breath. He has no known allergies and has not taken any medication today.","The patient reports several chest pain that started about 30 minutes ago. The pain becomes stronger, win, he takes a deep breath and he also feels short of breath. He has no knowledge and has not taken any medication today."
"Q5_1","/Users/williamsacc/Documents/estudio_casos_asr/whisper.cpp/models/ggml-base-q5_1.bin",1,"audio02(alergia).wav",16.768000000,0.665866208,0.039710532,4,37,0.108108108,10,230,0.043478261,"The patient is allergic to penicillin and should not receive any medication containing it. She developed a severe skin rash after taking penicillin several years ago. She currently has a fever, a sore throat, and difficulty swallowing.","The patient is allergic to penicillin and should not receive any medication containing it. She developed a severed skin rash after taking penicillin several years ago. She currently has a fever, a sore throat and difficult as well."
"Q5_1","/Users/williamsacc/Documents/estudio_casos_asr/whisper.cpp/models/ggml-base-q5_1.bin",1,"audio03(accidente).wav",16.597333333,0.561770500,0.033847034,2,38,0.052631579,3,205,0.014634146,"The patient fell from a bicycle approximately one hour ago and injured his left arm. He can move his fingers, but he feels severe pain near the wrist. There is visible swelling, but there is no active bleeding.","The patient fell from a bicycle, approximately one hour ago and injured his left arm. He can move his fingers, but he feels several pain near the waist. There is visible swelling, but there is no active bleeding."
"Q5_1","/Users/williamsacc/Documents/estudio_casos_asr/whisper.cpp/models/ggml-base-q5_1.bin",1,"audio04(dolor abdominal).wav",20.778666667,0.609988625,0.029356485,1,37,0.027027027,1,212,0.004716981,"The patient has had abdominal pain since yesterday evening. The pain is mainly located on the lower right side and has gradually become stronger. She also reports nausea and loss of appetite, but she has not vomited.","The patient has had abdominal pain since yesterday evening. The pain is mainly located on the lower right side and has gradually become stronger. She also reports nausea and lost of appetite, but she has not vomited."
"Q5_1","/Users/williamsacc/Documents/estudio_casos_asr/whisper.cpp/models/ggml-base-q5_1.bin",1,"audio05(diabetes).wav",21.866666667,0.700030500,0.032013590,11,43,0.255813953,23,245,0.093877551,"The patient has type two diabetes and normally takes medication every morning. Today he forgot to take his medicine and began feeling dizzy and weak during the afternoon. He is conscious and able to speak, but he says his condition is getting worse.","The patient has type 2 diabetes and normally takes medication every morning. Today he is far good to take his medicine and beg and feel in this and wake during the afternoon. He is conscious and able to speak, but he said his condition is getting worse."
"Q5_1","/Users/williamsacc/Documents/estudio_casos_asr/whisper.cpp/models/ggml-base-q5_1.bin",1,"audio06(fiebre).wav",21.248000000,0.628592666,0.029583616,6,38,0.157894737,14,220,0.063636364,"The patient has had a high fever since last night and has been feeling extremely tired. She also reports muscle pain, chills, and a persistent headache. She has been drinking water regularly and has not taken any antibiotics.","The patient has had a high fever signs last night and has been feeling extremely tired. She has a reports musical pain, shields and a persistent heatache. She has been drinking water regularly and has not taken any antibiotics."
"Q5_1","/Users/williamsacc/Documents/estudio_casos_asr/whisper.cpp/models/ggml-base-q5_1.bin",1,"audio07(respiracion).wav",22.656000000,0.642465750,0.028357422,4,40,0.100000000,10,235,0.042553191,"The patient has difficulty breathing when walking short distances and sometimes feels pressure in his chest. These symptoms began two days ago and have gradually become worse. He has a history of asthma but has not used his inhaler today.","The patient has difficulty breathing when walking short distance and sometimes feels pressure in his sheath. Test symptoms began two days ago and have gradually become worse. He has a history of asthma but has not used his another today."
"Q5_1","/Users/williamsacc/Documents/estudio_casos_asr/whisper.cpp/models/ggml-base-q5_1.bin",1,"audio08(herida).wav",22.613333333,0.640636417,0.028330030,3,43,0.069767442,11,256,0.042968750,"The patient cut her right hand while preparing food approximately forty minutes ago. The wound is still bleeding slightly, but she can move all of her fingers normally. She reports moderate pain and does not remember when she received her last tetanus vaccine.","The patient could her right hand while preparing food approximately 40 minutes ago. The woman is still bleeding slightly, but she can move all of her fingers normally. She reports moderate pain and does not remember when she received her last tetanus vaccine."
"Q5_1","/Users/williamsacc/Documents/estudio_casos_asr/whisper.cpp/models/ggml-base-q5_1.bin",1,"audio09(mareo).wav",23.957333333,0.670125709,0.027971632,11,41,0.268292683,34,235,0.144680851,"The patient suddenly became dizzy while standing at work this morning. He did not lose consciousness, but he felt weak and had to sit down immediately. He has eaten very little today and says that similar symptoms happened once last month.","The patient suddenly become disqual standing at work this morning. He did not lose consciousness, but he feel weak and had to sit down in the middle. He has eaten very little today and said that similar symptoms have been caused last month."
"Q5_1","/Users/williamsacc/Documents/estudio_casos_asr/whisper.cpp/models/ggml-base-q5_1.bin",1,"audio10(dolor cabeza).wav",26.112000000,0.689858250,0.026419204,4,44,0.090909091,7,258,0.027131783,"The patient has experienced a strong headache for approximately three hours. The pain is mainly located behind her eyes and becomes worse when she looks at bright lights. She also feels slightly nauseous but has no problems speaking or moving her arms and legs.","The patient has experienced a strong heat dutch for approximately three hours. The pain is mainly located behind her eyes and become worse when she looks at bright light. She also feels slightly nauseous but has no problems speaking or moving her arms and legs."
"Q5_1","/Users/williamsacc/Documents/estudio_casos_asr/whisper.cpp/models/ggml-base-q5_1.bin",2,"audio01(dolor toracico).wav",19.690666667,0.605034833,0.030726986,5,41,0.121951220,17,228,0.074561404,"The patient reports severe chest pain that started about thirty minutes ago. The pain becomes stronger when he takes a deep breath, and he also feels short of breath. He has no known allergies and has not taken any medication today.","The patient reports several chest pain that started about 30 minutes ago. The pain becomes stronger, win, he takes a deep breath and he also feels short of breath. He has no knowledge and has not taken any medication today."
"Q5_1","/Users/williamsacc/Documents/estudio_casos_asr/whisper.cpp/models/ggml-base-q5_1.bin",2,"audio02(alergia).wav",16.768000000,0.690487375,0.041178875,4,37,0.108108108,10,230,0.043478261,"The patient is allergic to penicillin and should not receive any medication containing it. She developed a severe skin rash after taking penicillin several years ago. She currently has a fever, a sore throat, and difficulty swallowing.","The patient is allergic to penicillin and should not receive any medication containing it. She developed a severed skin rash after taking penicillin several years ago. She currently has a fever, a sore throat and difficult as well."
"Q5_1","/Users/williamsacc/Documents/estudio_casos_asr/whisper.cpp/models/ggml-base-q5_1.bin",2,"audio03(accidente).wav",16.597333333,0.615896000,0.037108130,2,38,0.052631579,3,205,0.014634146,"The patient fell from a bicycle approximately one hour ago and injured his left arm. He can move his fingers, but he feels severe pain near the wrist. There is visible swelling, but there is no active bleeding.","The patient fell from a bicycle, approximately one hour ago and injured his left arm. He can move his fingers, but he feels several pain near the waist. There is visible swelling, but there is no active bleeding."
"Q5_1","/Users/williamsacc/Documents/estudio_casos_asr/whisper.cpp/models/ggml-base-q5_1.bin",2,"audio04(dolor abdominal).wav",20.778666667,0.609792458,0.029347045,1,37,0.027027027,1,212,0.004716981,"The patient has had abdominal pain since yesterday evening. The pain is mainly located on the lower right side and has gradually become stronger. She also reports nausea and loss of appetite, but she has not vomited.","The patient has had abdominal pain since yesterday evening. The pain is mainly located on the lower right side and has gradually become stronger. She also reports nausea and lost of appetite, but she has not vomited."
"Q5_1","/Users/williamsacc/Documents/estudio_casos_asr/whisper.cpp/models/ggml-base-q5_1.bin",2,"audio05(diabetes).wav",21.866666667,0.706272875,0.032299064,11,43,0.255813953,23,245,0.093877551,"The patient has type two diabetes and normally takes medication every morning. Today he forgot to take his medicine and began feeling dizzy and weak during the afternoon. He is conscious and able to speak, but he says his condition is getting worse.","The patient has type 2 diabetes and normally takes medication every morning. Today he is far good to take his medicine and beg and feel in this and wake during the afternoon. He is conscious and able to speak, but he said his condition is getting worse."
"Q5_1","/Users/williamsacc/Documents/estudio_casos_asr/whisper.cpp/models/ggml-base-q5_1.bin",2,"audio06(fiebre).wav",21.248000000,0.585753791,0.027567479,6,38,0.157894737,14,220,0.063636364,"The patient has had a high fever since last night and has been feeling extremely tired. She also reports muscle pain, chills, and a persistent headache. She has been drinking water regularly and has not taken any antibiotics.","The patient has had a high fever signs last night and has been feeling extremely tired. She has a reports musical pain, shields and a persistent heatache. She has been drinking water regularly and has not taken any antibiotics."
"Q5_1","/Users/williamsacc/Documents/estudio_casos_asr/whisper.cpp/models/ggml-base-q5_1.bin",2,"audio07(respiracion).wav",22.656000000,0.634122083,0.027989146,4,40,0.100000000,10,235,0.042553191,"The patient has difficulty breathing when walking short distances and sometimes feels pressure in his chest. These symptoms began two days ago and have gradually become worse. He has a history of asthma but has not used his inhaler today.","The patient has difficulty breathing when walking short distance and sometimes feels pressure in his sheath. Test symptoms began two days ago and have gradually become worse. He has a history of asthma but has not used his another today."
"Q5_1","/Users/williamsacc/Documents/estudio_casos_asr/whisper.cpp/models/ggml-base-q5_1.bin",2,"audio08(herida).wav",22.613333333,0.696439000,0.030797715,3,43,0.069767442,11,256,0.042968750,"The patient cut her right hand while preparing food approximately forty minutes ago. The wound is still bleeding slightly, but she can move all of her fingers normally. She reports moderate pain and does not remember when she received her last tetanus vaccine.","The patient could her right hand while preparing food approximately 40 minutes ago. The woman is still bleeding slightly, but she can move all of her fingers normally. She reports moderate pain and does not remember when she received her last tetanus vaccine."
"Q5_1","/Users/williamsacc/Documents/estudio_casos_asr/whisper.cpp/models/ggml-base-q5_1.bin",2,"audio09(mareo).wav",23.957333333,0.667557500,0.027864433,11,41,0.268292683,34,235,0.144680851,"The patient suddenly became dizzy while standing at work this morning. He did not lose consciousness, but he felt weak and had to sit down immediately. He has eaten very little today and says that similar symptoms happened once last month.","The patient suddenly become disqual standing at work this morning. He did not lose consciousness, but he feel weak and had to sit down in the middle. He has eaten very little today and said that similar symptoms have been caused last month."
"Q5_1","/Users/williamsacc/Documents/estudio_casos_asr/whisper.cpp/models/ggml-base-q5_1.bin",2,"audio10(dolor cabeza).wav",26.112000000,0.667993000,0.025581840,4,44,0.090909091,7,258,0.027131783,"The patient has experienced a strong headache for approximately three hours. The pain is mainly located behind her eyes and becomes worse when she looks at bright lights. She also feels slightly nauseous but has no problems speaking or moving her arms and legs.","The patient has experienced a strong heat dutch for approximately three hours. The pain is mainly located behind her eyes and become worse when she looks at bright light. She also feels slightly nauseous but has no problems speaking or moving her arms and legs."
"Q5_1","/Users/williamsacc/Documents/estudio_casos_asr/whisper.cpp/models/ggml-base-q5_1.bin",3,"audio01(dolor toracico).wav",19.690666667,0.634385375,0.032217567,5,41,0.121951220,17,228,0.074561404,"The patient reports severe chest pain that started about thirty minutes ago. The pain becomes stronger when he takes a deep breath, and he also feels short of breath. He has no known allergies and has not taken any medication today.","The patient reports several chest pain that started about 30 minutes ago. The pain becomes stronger, win, he takes a deep breath and he also feels short of breath. He has no knowledge and has not taken any medication today."
"Q5_1","/Users/williamsacc/Documents/estudio_casos_asr/whisper.cpp/models/ggml-base-q5_1.bin",3,"audio02(alergia).wav",16.768000000,0.692142209,0.041277565,4,37,0.108108108,10,230,0.043478261,"The patient is allergic to penicillin and should not receive any medication containing it. She developed a severe skin rash after taking penicillin several years ago. She currently has a fever, a sore throat, and difficulty swallowing.","The patient is allergic to penicillin and should not receive any medication containing it. She developed a severed skin rash after taking penicillin several years ago. She currently has a fever, a sore throat and difficult as well."
"Q5_1","/Users/williamsacc/Documents/estudio_casos_asr/whisper.cpp/models/ggml-base-q5_1.bin",3,"audio03(accidente).wav",16.597333333,0.622214083,0.037488798,2,38,0.052631579,3,205,0.014634146,"The patient fell from a bicycle approximately one hour ago and injured his left arm. He can move his fingers, but he feels severe pain near the wrist. There is visible swelling, but there is no active bleeding.","The patient fell from a bicycle, approximately one hour ago and injured his left arm. He can move his fingers, but he feels several pain near the waist. There is visible swelling, but there is no active bleeding."
"Q5_1","/Users/williamsacc/Documents/estudio_casos_asr/whisper.cpp/models/ggml-base-q5_1.bin",3,"audio04(dolor abdominal).wav",20.778666667,0.594191875,0.028596247,1,37,0.027027027,1,212,0.004716981,"The patient has had abdominal pain since yesterday evening. The pain is mainly located on the lower right side and has gradually become stronger. She also reports nausea and loss of appetite, but she has not vomited.","The patient has had abdominal pain since yesterday evening. The pain is mainly located on the lower right side and has gradually become stronger. She also reports nausea and lost of appetite, but she has not vomited."
"Q5_1","/Users/williamsacc/Documents/estudio_casos_asr/whisper.cpp/models/ggml-base-q5_1.bin",3,"audio05(diabetes).wav",21.866666667,0.678109416,0.031011101,11,43,0.255813953,23,245,0.093877551,"The patient has type two diabetes and normally takes medication every morning. Today he forgot to take his medicine and began feeling dizzy and weak during the afternoon. He is conscious and able to speak, but he says his condition is getting worse.","The patient has type 2 diabetes and normally takes medication every morning. Today he is far good to take his medicine and beg and feel in this and wake during the afternoon. He is conscious and able to speak, but he said his condition is getting worse."
"Q5_1","/Users/williamsacc/Documents/estudio_casos_asr/whisper.cpp/models/ggml-base-q5_1.bin",3,"audio06(fiebre).wav",21.248000000,0.670549000,0.031558217,6,38,0.157894737,14,220,0.063636364,"The patient has had a high fever since last night and has been feeling extremely tired. She also reports muscle pain, chills, and a persistent headache. She has been drinking water regularly and has not taken any antibiotics.","The patient has had a high fever signs last night and has been feeling extremely tired. She has a reports musical pain, shields and a persistent heatache. She has been drinking water regularly and has not taken any antibiotics."
"Q5_1","/Users/williamsacc/Documents/estudio_casos_asr/whisper.cpp/models/ggml-base-q5_1.bin",3,"audio07(respiracion).wav",22.656000000,0.648533041,0.028625223,4,40,0.100000000,10,235,0.042553191,"The patient has difficulty breathing when walking short distances and sometimes feels pressure in his chest. These symptoms began two days ago and have gradually become worse. He has a history of asthma but has not used his inhaler today.","The patient has difficulty breathing when walking short distance and sometimes feels pressure in his sheath. Test symptoms began two days ago and have gradually become worse. He has a history of asthma but has not used his another today."
"Q5_1","/Users/williamsacc/Documents/estudio_casos_asr/whisper.cpp/models/ggml-base-q5_1.bin",3,"audio08(herida).wav",22.613333333,0.652593375,0.028858787,3,43,0.069767442,11,256,0.042968750,"The patient cut her right hand while preparing food approximately forty minutes ago. The wound is still bleeding slightly, but she can move all of her fingers normally. She reports moderate pain and does not remember when she received her last tetanus vaccine.","The patient could her right hand while preparing food approximately 40 minutes ago. The woman is still bleeding slightly, but she can move all of her fingers normally. She reports moderate pain and does not remember when she received her last tetanus vaccine."
"Q5_1","/Users/williamsacc/Documents/estudio_casos_asr/whisper.cpp/models/ggml-base-q5_1.bin",3,"audio09(mareo).wav",23.957333333,0.703524208,0.029365714,11,41,0.268292683,34,235,0.144680851,"The patient suddenly became dizzy while standing at work this morning. He did not lose consciousness, but he felt weak and had to sit down immediately. He has eaten very little today and says that similar symptoms happened once last month.","The patient suddenly become disqual standing at work this morning. He did not lose consciousness, but he feel weak and had to sit down in the middle. He has eaten very little today and said that similar symptoms have been caused last month."
"Q5_1","/Users/williamsacc/Documents/estudio_casos_asr/whisper.cpp/models/ggml-base-q5_1.bin",3,"audio10(dolor cabeza).wav",26.112000000,0.708298125,0.027125388,4,44,0.090909091,7,258,0.027131783,"The patient has experienced a strong headache for approximately three hours. The pain is mainly located behind her eyes and becomes worse when she looks at bright lights. She also feels slightly nauseous but has no problems speaking or moving her arms and legs.","The patient has experienced a strong heat dutch for approximately three hours. The pain is mainly located behind her eyes and become worse when she looks at bright light. She also feels slightly nauseous but has no problems speaking or moving her arms and legs."
"Q5_1","/Users/williamsacc/Documents/estudio_casos_asr/whisper.cpp/models/ggml-base-q5_1.bin",4,"audio01(dolor toracico).wav",19.690666667,0.639315000,0.032467921,5,41,0.121951220,17,228,0.074561404,"The patient reports severe chest pain that started about thirty minutes ago. The pain becomes stronger when he takes a deep breath, and he also feels short of breath. He has no known allergies and has not taken any medication today.","The patient reports several chest pain that started about 30 minutes ago. The pain becomes stronger, win, he takes a deep breath and he also feels short of breath. He has no knowledge and has not taken any medication today."
"Q5_1","/Users/williamsacc/Documents/estudio_casos_asr/whisper.cpp/models/ggml-base-q5_1.bin",4,"audio02(alergia).wav",16.768000000,0.618659666,0.036895257,4,37,0.108108108,10,230,0.043478261,"The patient is allergic to penicillin and should not receive any medication containing it. She developed a severe skin rash after taking penicillin several years ago. She currently has a fever, a sore throat, and difficulty swallowing.","The patient is allergic to penicillin and should not receive any medication containing it. She developed a severed skin rash after taking penicillin several years ago. She currently has a fever, a sore throat and difficult as well."
"Q5_1","/Users/williamsacc/Documents/estudio_casos_asr/whisper.cpp/models/ggml-base-q5_1.bin",4,"audio03(accidente).wav",16.597333333,0.608341458,0.036652964,2,38,0.052631579,3,205,0.014634146,"The patient fell from a bicycle approximately one hour ago and injured his left arm. He can move his fingers, but he feels severe pain near the wrist. There is visible swelling, but there is no active bleeding.","The patient fell from a bicycle, approximately one hour ago and injured his left arm. He can move his fingers, but he feels several pain near the waist. There is visible swelling, but there is no active bleeding."
"Q5_1","/Users/williamsacc/Documents/estudio_casos_asr/whisper.cpp/models/ggml-base-q5_1.bin",4,"audio04(dolor abdominal).wav",20.778666667,0.612808458,0.029492193,1,37,0.027027027,1,212,0.004716981,"The patient has had abdominal pain since yesterday evening. The pain is mainly located on the lower right side and has gradually become stronger. She also reports nausea and loss of appetite, but she has not vomited.","The patient has had abdominal pain since yesterday evening. The pain is mainly located on the lower right side and has gradually become stronger. She also reports nausea and lost of appetite, but she has not vomited."
"Q5_1","/Users/williamsacc/Documents/estudio_casos_asr/whisper.cpp/models/ggml-base-q5_1.bin",4,"audio05(diabetes).wav",21.866666667,0.667997750,0.030548678,11,43,0.255813953,23,245,0.093877551,"The patient has type two diabetes and normally takes medication every morning. Today he forgot to take his medicine and began feeling dizzy and weak during the afternoon. He is conscious and able to speak, but he says his condition is getting worse.","The patient has type 2 diabetes and normally takes medication every morning. Today he is far good to take his medicine and beg and feel in this and wake during the afternoon. He is conscious and able to speak, but he said his condition is getting worse."
"Q5_1","/Users/williamsacc/Documents/estudio_casos_asr/whisper.cpp/models/ggml-base-q5_1.bin",4,"audio06(fiebre).wav",21.248000000,0.650922417,0.030634526,6,38,0.157894737,14,220,0.063636364,"The patient has had a high fever since last night and has been feeling extremely tired. She also reports muscle pain, chills, and a persistent headache. She has been drinking water regularly and has not taken any antibiotics.","The patient has had a high fever signs last night and has been feeling extremely tired. She has a reports musical pain, shields and a persistent heatache. She has been drinking water regularly and has not taken any antibiotics."
"Q5_1","/Users/williamsacc/Documents/estudio_casos_asr/whisper.cpp/models/ggml-base-q5_1.bin",4,"audio07(respiracion).wav",22.656000000,0.639091417,0.028208484,4,40,0.100000000,10,235,0.042553191,"The patient has difficulty breathing when walking short distances and sometimes feels pressure in his chest. These symptoms began two days ago and have gradually become worse. He has a history of asthma but has not used his inhaler today.","The patient has difficulty breathing when walking short distance and sometimes feels pressure in his sheath. Test symptoms began two days ago and have gradually become worse. He has a history of asthma but has not used his another today."
"Q5_1","/Users/williamsacc/Documents/estudio_casos_asr/whisper.cpp/models/ggml-base-q5_1.bin",4,"audio08(herida).wav",22.613333333,0.681139292,0.030121136,3,43,0.069767442,11,256,0.042968750,"The patient cut her right hand while preparing food approximately forty minutes ago. The wound is still bleeding slightly, but she can move all of her fingers normally. She reports moderate pain and does not remember when she received her last tetanus vaccine.","The patient could her right hand while preparing food approximately 40 minutes ago. The woman is still bleeding slightly, but she can move all of her fingers normally. She reports moderate pain and does not remember when she received her last tetanus vaccine."
"Q5_1","/Users/williamsacc/Documents/estudio_casos_asr/whisper.cpp/models/ggml-base-q5_1.bin",4,"audio09(mareo).wav",23.957333333,0.657498792,0.027444573,11,41,0.268292683,34,235,0.144680851,"The patient suddenly became dizzy while standing at work this morning. He did not lose consciousness, but he felt weak and had to sit down immediately. He has eaten very little today and says that similar symptoms happened once last month.","The patient suddenly become disqual standing at work this morning. He did not lose consciousness, but he feel weak and had to sit down in the middle. He has eaten very little today and said that similar symptoms have been caused last month."
"Q5_1","/Users/williamsacc/Documents/estudio_casos_asr/whisper.cpp/models/ggml-base-q5_1.bin",4,"audio10(dolor cabeza).wav",26.112000000,0.699485292,0.026787886,4,44,0.090909091,7,258,0.027131783,"The patient has experienced a strong headache for approximately three hours. The pain is mainly located behind her eyes and becomes worse when she looks at bright lights. She also feels slightly nauseous but has no problems speaking or moving her arms and legs.","The patient has experienced a strong heat dutch for approximately three hours. The pain is mainly located behind her eyes and become worse when she looks at bright light. She also feels slightly nauseous but has no problems speaking or moving her arms and legs."
"Q5_1","/Users/williamsacc/Documents/estudio_casos_asr/whisper.cpp/models/ggml-base-q5_1.bin",5,"audio01(dolor toracico).wav",19.690666667,0.637239250,0.032362503,5,41,0.121951220,17,228,0.074561404,"The patient reports severe chest pain that started about thirty minutes ago. The pain becomes stronger when he takes a deep breath, and he also feels short of breath. He has no known allergies and has not taken any medication today.","The patient reports several chest pain that started about 30 minutes ago. The pain becomes stronger, win, he takes a deep breath and he also feels short of breath. He has no knowledge and has not taken any medication today."
"Q5_1","/Users/williamsacc/Documents/estudio_casos_asr/whisper.cpp/models/ggml-base-q5_1.bin",5,"audio02(alergia).wav",16.768000000,0.614840334,0.036667482,4,37,0.108108108,10,230,0.043478261,"The patient is allergic to penicillin and should not receive any medication containing it. She developed a severe skin rash after taking penicillin several years ago. She currently has a fever, a sore throat, and difficulty swallowing.","The patient is allergic to penicillin and should not receive any medication containing it. She developed a severed skin rash after taking penicillin several years ago. She currently has a fever, a sore throat and difficult as well."
"Q5_1","/Users/williamsacc/Documents/estudio_casos_asr/whisper.cpp/models/ggml-base-q5_1.bin",5,"audio03(accidente).wav",16.597333333,0.593708125,0.035771296,2,38,0.052631579,3,205,0.014634146,"The patient fell from a bicycle approximately one hour ago and injured his left arm. He can move his fingers, but he feels severe pain near the wrist. There is visible swelling, but there is no active bleeding.","The patient fell from a bicycle, approximately one hour ago and injured his left arm. He can move his fingers, but he feels several pain near the waist. There is visible swelling, but there is no active bleeding."
"Q5_1","/Users/williamsacc/Documents/estudio_casos_asr/whisper.cpp/models/ggml-base-q5_1.bin",5,"audio04(dolor abdominal).wav",20.778666667,0.626151250,0.030134332,1,37,0.027027027,1,212,0.004716981,"The patient has had abdominal pain since yesterday evening. The pain is mainly located on the lower right side and has gradually become stronger. She also reports nausea and loss of appetite, but she has not vomited.","The patient has had abdominal pain since yesterday evening. The pain is mainly located on the lower right side and has gradually become stronger. She also reports nausea and lost of appetite, but she has not vomited."
"Q5_1","/Users/williamsacc/Documents/estudio_casos_asr/whisper.cpp/models/ggml-base-q5_1.bin",5,"audio05(diabetes).wav",21.866666667,0.691588292,0.031627513,11,43,0.255813953,23,245,0.093877551,"The patient has type two diabetes and normally takes medication every morning. Today he forgot to take his medicine and began feeling dizzy and weak during the afternoon. He is conscious and able to speak, but he says his condition is getting worse.","The patient has type 2 diabetes and normally takes medication every morning. Today he is far good to take his medicine and beg and feel in this and wake during the afternoon. He is conscious and able to speak, but he said his condition is getting worse."
"Q5_1","/Users/williamsacc/Documents/estudio_casos_asr/whisper.cpp/models/ggml-base-q5_1.bin",5,"audio06(fiebre).wav",21.248000000,0.644604292,0.030337175,6,38,0.157894737,14,220,0.063636364,"The patient has had a high fever since last night and has been feeling extremely tired. She also reports muscle pain, chills, and a persistent headache. She has been drinking water regularly and has not taken any antibiotics.","The patient has had a high fever signs last night and has been feeling extremely tired. She has a reports musical pain, shields and a persistent heatache. She has been drinking water regularly and has not taken any antibiotics."
"Q5_1","/Users/williamsacc/Documents/estudio_casos_asr/whisper.cpp/models/ggml-base-q5_1.bin",5,"audio07(respiracion).wav",22.656000000,0.644490000,0.028446769,4,40,0.100000000,10,235,0.042553191,"The patient has difficulty breathing when walking short distances and sometimes feels pressure in his chest. These symptoms began two days ago and have gradually become worse. He has a history of asthma but has not used his inhaler today.","The patient has difficulty breathing when walking short distance and sometimes feels pressure in his sheath. Test symptoms began two days ago and have gradually become worse. He has a history of asthma but has not used his another today."
"Q5_1","/Users/williamsacc/Documents/estudio_casos_asr/whisper.cpp/models/ggml-base-q5_1.bin",5,"audio08(herida).wav",22.613333333,0.679704584,0.030057691,3,43,0.069767442,11,256,0.042968750,"The patient cut her right hand while preparing food approximately forty minutes ago. The wound is still bleeding slightly, but she can move all of her fingers normally. She reports moderate pain and does not remember when she received her last tetanus vaccine.","The patient could her right hand while preparing food approximately 40 minutes ago. The woman is still bleeding slightly, but she can move all of her fingers normally. She reports moderate pain and does not remember when she received her last tetanus vaccine."
"Q5_1","/Users/williamsacc/Documents/estudio_casos_asr/whisper.cpp/models/ggml-base-q5_1.bin",5,"audio09(mareo).wav",23.957333333,0.656831584,0.027416724,11,41,0.268292683,34,235,0.144680851,"The patient suddenly became dizzy while standing at work this morning. He did not lose consciousness, but he felt weak and had to sit down immediately. He has eaten very little today and says that similar symptoms happened once last month.","The patient suddenly become disqual standing at work this morning. He did not lose consciousness, but he feel weak and had to sit down in the middle. He has eaten very little today and said that similar symptoms have been caused last month."
"Q5_1","/Users/williamsacc/Documents/estudio_casos_asr/whisper.cpp/models/ggml-base-q5_1.bin",5,"audio10(dolor cabeza).wav",26.112000000,0.707293708,0.027086922,4,44,0.090909091,7,258,0.027131783,"The patient has experienced a strong headache for approximately three hours. The pain is mainly located behind her eyes and becomes worse when she looks at bright lights. She also feels slightly nauseous but has no problems speaking or moving her arms and legs.","The patient has experienced a strong heat dutch for approximately three hours. The pain is mainly located behind her eyes and become worse when she looks at bright light. She also feels slightly nauseous but has no problems speaking or moving her arms and legs."
"Q4_0","/Users/williamsacc/Documents/estudio_casos_asr/whisper.cpp/models/ggml-base-q4_0.bin",1,"audio01(dolor toracico).wav",19.690666667,0.624146083,0.031697560,4,41,0.097560976,13,228,0.057017544,"The patient reports severe chest pain that started about thirty minutes ago. The pain becomes stronger when he takes a deep breath, and he also feels short of breath. He has no known allergies and has not taken any medication today.","The patient reports several chest pain that started about 30 minutes ago. The pain becomes stronger, win, he takes a deep breath and he also feels short of breath. He has no no allergies and has not taken any medication today."
"Q4_0","/Users/williamsacc/Documents/estudio_casos_asr/whisper.cpp/models/ggml-base-q4_0.bin",1,"audio02(alergia).wav",16.768000000,0.647891042,0.038638540,6,37,0.162162162,19,230,0.082608696,"The patient is allergic to penicillin and should not receive any medication containing it. She developed a severe skin rash after taking penicillin several years ago. She currently has a fever, a sore throat, and difficulty swallowing.","The patient is allergic to penicillin and should not receive any medication containing this. She developed a severed skin rash after taking penicillin several years ago. She chronic has a fever, a sore throat and difficult as well."
"Q4_0","/Users/williamsacc/Documents/estudio_casos_asr/whisper.cpp/models/ggml-base-q4_0.bin",1,"audio03(accidente).wav",16.597333333,0.521869292,0.031442960,3,38,0.078947368,7,205,0.034146341,"The patient fell from a bicycle approximately one hour ago and injured his left arm. He can move his fingers, but he feels severe pain near the wrist. There is visible swelling, but there is no active bleeding.","The patient feels from a bicycle approximately one hour ago and enjoyed his left arm. He can move his fingers but he feels several pain near the wrist. There is visible swelling but there is no active bleeding."
"Q4_0","/Users/williamsacc/Documents/estudio_casos_asr/whisper.cpp/models/ggml-base-q4_0.bin",1,"audio04(dolor abdominal).wav",20.778666667,0.620226334,0.029849188,2,37,0.054054054,3,212,0.014150943,"The patient has had abdominal pain since yesterday evening. The pain is mainly located on the lower right side and has gradually become stronger. She also reports nausea and loss of appetite, but she has not vomited.","The patient has had abdominal pain since yesterday evening. The pain is mainly located on the lower right side and has gradually become stronger. She also reports naus and lost of appetite but she has not vomited."
"Q4_0","/Users/williamsacc/Documents/estudio_casos_asr/whisper.cpp/models/ggml-base-q4_0.bin",1,"audio05(diabetes).wav",21.866666667,0.653059166,0.029865511,11,43,0.255813953,23,245,0.093877551,"The patient has type two diabetes and normally takes medication every morning. Today he forgot to take his medicine and began feeling dizzy and weak during the afternoon. He is conscious and able to speak, but he says his condition is getting worse.","The patient has type 2 diabetes and normally takes medication every morning. Today he is far good to take his medicine and beg and feel in this and wake during the afternoon. He is conscious and able to speak but he said his condition is getting worse."
"Q4_0","/Users/williamsacc/Documents/estudio_casos_asr/whisper.cpp/models/ggml-base-q4_0.bin",1,"audio06(fiebre).wav",21.248000000,0.581364292,0.027360895,5,38,0.131578947,15,220,0.068181818,"The patient has had a high fever since last night and has been feeling extremely tired. She also reports muscle pain, chills, and a persistent headache. She has been drinking water regularly and has not taken any antibiotics.","The patient has had a high fever signs last night and has been feeling extremely tired. She has a reports musical pain, chills and a persistent hitch. She has been drinking water regularly and has not taken any antibiotics."
"Q4_0","/Users/williamsacc/Documents/estudio_casos_asr/whisper.cpp/models/ggml-base-q4_0.bin",1,"audio07(respiracion).wav",22.656000000,0.584641959,0.025805171,3,40,0.075000000,8,235,0.034042553,"The patient has difficulty breathing when walking short distances and sometimes feels pressure in his chest. These symptoms began two days ago and have gradually become worse. He has a history of asthma but has not used his inhaler today.","The patient has difficulty breathing when walking short distance and sometimes feels pressure in his shift. These symptoms began two days ago and have gradually become worse. He has a history of asthma but has not used his another today."
"Q4_0","/Users/williamsacc/Documents/estudio_casos_asr/whisper.cpp/models/ggml-base-q4_0.bin",1,"audio08(herida).wav",22.613333333,0.623231083,0.027560337,3,43,0.069767442,11,256,0.042968750,"The patient cut her right hand while preparing food approximately forty minutes ago. The wound is still bleeding slightly, but she can move all of her fingers normally. She reports moderate pain and does not remember when she received her last tetanus vaccine.","The patient could her right hand while preparing food approximately 40 minutes ago. The woman is still bleeding slightly but she can move all of her fingers normally. She reports moderate pain and does not remember when she received her last tetanus vaccine."
"Q4_0","/Users/williamsacc/Documents/estudio_casos_asr/whisper.cpp/models/ggml-base-q4_0.bin",1,"audio09(mareo).wav",23.957333333,0.652448959,0.027233789,11,41,0.268292683,28,235,0.119148936,"The patient suddenly became dizzy while standing at work this morning. He did not lose consciousness, but he felt weak and had to sit down immediately. He has eaten very little today and says that similar symptoms happened once last month.","The patient suddenly become disequiled standing at work this morning. He did not lose consciousness, but he feel weak and had to sit down in the middle. He has eaten very little today and said that similar symptoms have need on last month."
"Q4_0","/Users/williamsacc/Documents/estudio_casos_asr/whisper.cpp/models/ggml-base-q4_0.bin",1,"audio10(dolor cabeza).wav",26.112000000,0.660109250,0.025279919,4,44,0.090909091,7,258,0.027131783,"The patient has experienced a strong headache for approximately three hours. The pain is mainly located behind her eyes and becomes worse when she looks at bright lights. She also feels slightly nauseous but has no problems speaking or moving her arms and legs.","The patient has experienced a strong heat dodge for approximately three hours. The pain is mainly located behind her eyes and become worse when she looks at bright light. She also feels slightly nauseous but has no problems speaking or moving her arms and legs."
"Q4_0","/Users/williamsacc/Documents/estudio_casos_asr/whisper.cpp/models/ggml-base-q4_0.bin",2,"audio01(dolor toracico).wav",19.690666667,0.591480291,0.030038612,4,41,0.097560976,13,228,0.057017544,"The patient reports severe chest pain that started about thirty minutes ago. The pain becomes stronger when he takes a deep breath, and he also feels short of breath. He has no known allergies and has not taken any medication today.","The patient reports several chest pain that started about 30 minutes ago. The pain becomes stronger, win, he takes a deep breath and he also feels short of breath. He has no no allergies and has not taken any medication today."
"Q4_0","/Users/williamsacc/Documents/estudio_casos_asr/whisper.cpp/models/ggml-base-q4_0.bin",2,"audio02(alergia).wav",16.768000000,0.624167000,0.037223700,6,37,0.162162162,19,230,0.082608696,"The patient is allergic to penicillin and should not receive any medication containing it. She developed a severe skin rash after taking penicillin several years ago. She currently has a fever, a sore throat, and difficulty swallowing.","The patient is allergic to penicillin and should not receive any medication containing this. She developed a severed skin rash after taking penicillin several years ago. She chronic has a fever, a sore throat and difficult as well."
"Q4_0","/Users/williamsacc/Documents/estudio_casos_asr/whisper.cpp/models/ggml-base-q4_0.bin",2,"audio03(accidente).wav",16.597333333,0.544973917,0.032835029,3,38,0.078947368,7,205,0.034146341,"The patient fell from a bicycle approximately one hour ago and injured his left arm. He can move his fingers, but he feels severe pain near the wrist. There is visible swelling, but there is no active bleeding.","The patient feels from a bicycle approximately one hour ago and enjoyed his left arm. He can move his fingers but he feels several pain near the wrist. There is visible swelling but there is no active bleeding."
"Q4_0","/Users/williamsacc/Documents/estudio_casos_asr/whisper.cpp/models/ggml-base-q4_0.bin",2,"audio04(dolor abdominal).wav",20.778666667,0.577525958,0.027794178,2,37,0.054054054,3,212,0.014150943,"The patient has had abdominal pain since yesterday evening. The pain is mainly located on the lower right side and has gradually become stronger. She also reports nausea and loss of appetite, but she has not vomited.","The patient has had abdominal pain since yesterday evening. The pain is mainly located on the lower right side and has gradually become stronger. She also reports naus and lost of appetite but she has not vomited."
"Q4_0","/Users/williamsacc/Documents/estudio_casos_asr/whisper.cpp/models/ggml-base-q4_0.bin",2,"audio05(diabetes).wav",21.866666667,0.628727791,0.028752795,11,43,0.255813953,23,245,0.093877551,"The patient has type two diabetes and normally takes medication every morning. Today he forgot to take his medicine and began feeling dizzy and weak during the afternoon. He is conscious and able to speak, but he says his condition is getting worse.","The patient has type 2 diabetes and normally takes medication every morning. Today he is far good to take his medicine and beg and feel in this and wake during the afternoon. He is conscious and able to speak but he said his condition is getting worse."
"Q4_0","/Users/williamsacc/Documents/estudio_casos_asr/whisper.cpp/models/ggml-base-q4_0.bin",2,"audio06(fiebre).wav",21.248000000,0.575058709,0.027064134,5,38,0.131578947,15,220,0.068181818,"The patient has had a high fever since last night and has been feeling extremely tired. She also reports muscle pain, chills, and a persistent headache. She has been drinking water regularly and has not taken any antibiotics.","The patient has had a high fever signs last night and has been feeling extremely tired. She has a reports musical pain, chills and a persistent hitch. She has been drinking water regularly and has not taken any antibiotics."
"Q4_0","/Users/williamsacc/Documents/estudio_casos_asr/whisper.cpp/models/ggml-base-q4_0.bin",2,"audio07(respiracion).wav",22.656000000,0.564963208,0.024936582,3,40,0.075000000,8,235,0.034042553,"The patient has difficulty breathing when walking short distances and sometimes feels pressure in his chest. These symptoms began two days ago and have gradually become worse. He has a history of asthma but has not used his inhaler today.","The patient has difficulty breathing when walking short distance and sometimes feels pressure in his shift. These symptoms began two days ago and have gradually become worse. He has a history of asthma but has not used his another today."
"Q4_0","/Users/williamsacc/Documents/estudio_casos_asr/whisper.cpp/models/ggml-base-q4_0.bin",2,"audio08(herida).wav",22.613333333,0.609691917,0.026961612,3,43,0.069767442,11,256,0.042968750,"The patient cut her right hand while preparing food approximately forty minutes ago. The wound is still bleeding slightly, but she can move all of her fingers normally. She reports moderate pain and does not remember when she received her last tetanus vaccine.","The patient could her right hand while preparing food approximately 40 minutes ago. The woman is still bleeding slightly but she can move all of her fingers normally. She reports moderate pain and does not remember when she received her last tetanus vaccine."
"Q4_0","/Users/williamsacc/Documents/estudio_casos_asr/whisper.cpp/models/ggml-base-q4_0.bin",2,"audio09(mareo).wav",23.957333333,0.634339208,0.026477872,11,41,0.268292683,28,235,0.119148936,"The patient suddenly became dizzy while standing at work this morning. He did not lose consciousness, but he felt weak and had to sit down immediately. He has eaten very little today and says that similar symptoms happened once last month.","The patient suddenly become disequiled standing at work this morning. He did not lose consciousness, but he feel weak and had to sit down in the middle. He has eaten very little today and said that similar symptoms have need on last month."
"Q4_0","/Users/williamsacc/Documents/estudio_casos_asr/whisper.cpp/models/ggml-base-q4_0.bin",2,"audio10(dolor cabeza).wav",26.112000000,0.663757250,0.025419625,4,44,0.090909091,7,258,0.027131783,"The patient has experienced a strong headache for approximately three hours. The pain is mainly located behind her eyes and becomes worse when she looks at bright lights. She also feels slightly nauseous but has no problems speaking or moving her arms and legs.","The patient has experienced a strong heat dodge for approximately three hours. The pain is mainly located behind her eyes and become worse when she looks at bright light. She also feels slightly nauseous but has no problems speaking or moving her arms and legs."
"Q4_0","/Users/williamsacc/Documents/estudio_casos_asr/whisper.cpp/models/ggml-base-q4_0.bin",3,"audio01(dolor toracico).wav",19.690666667,0.596912208,0.030314474,4,41,0.097560976,13,228,0.057017544,"The patient reports severe chest pain that started about thirty minutes ago. The pain becomes stronger when he takes a deep breath, and he also feels short of breath. He has no known allergies and has not taken any medication today.","The patient reports several chest pain that started about 30 minutes ago. The pain becomes stronger, win, he takes a deep breath and he also feels short of breath. He has no no allergies and has not taken any medication today."
"Q4_0","/Users/williamsacc/Documents/estudio_casos_asr/whisper.cpp/models/ggml-base-q4_0.bin",3,"audio02(alergia).wav",16.768000000,0.586161417,0.034957146,6,37,0.162162162,19,230,0.082608696,"The patient is allergic to penicillin and should not receive any medication containing it. She developed a severe skin rash after taking penicillin several years ago. She currently has a fever, a sore throat, and difficulty swallowing.","The patient is allergic to penicillin and should not receive any medication containing this. She developed a severed skin rash after taking penicillin several years ago. She chronic has a fever, a sore throat and difficult as well."
"Q4_0","/Users/williamsacc/Documents/estudio_casos_asr/whisper.cpp/models/ggml-base-q4_0.bin",3,"audio03(accidente).wav",16.597333333,0.526442625,0.031718506,3,38,0.078947368,7,205,0.034146341,"The patient fell from a bicycle approximately one hour ago and injured his left arm. He can move his fingers, but he feels severe pain near the wrist. There is visible swelling, but there is no active bleeding.","The patient feels from a bicycle approximately one hour ago and enjoyed his left arm. He can move his fingers but he feels several pain near the wrist. There is visible swelling but there is no active bleeding."
"Q4_0","/Users/williamsacc/Documents/estudio_casos_asr/whisper.cpp/models/ggml-base-q4_0.bin",3,"audio04(dolor abdominal).wav",20.778666667,0.574012917,0.027625108,2,37,0.054054054,3,212,0.014150943,"The patient has had abdominal pain since yesterday evening. The pain is mainly located on the lower right side and has gradually become stronger. She also reports nausea and loss of appetite, but she has not vomited.","The patient has had abdominal pain since yesterday evening. The pain is mainly located on the lower right side and has gradually become stronger. She also reports naus and lost of appetite but she has not vomited."
"Q4_0","/Users/williamsacc/Documents/estudio_casos_asr/whisper.cpp/models/ggml-base-q4_0.bin",3,"audio05(diabetes).wav",21.866666667,0.650387292,0.029743321,11,43,0.255813953,23,245,0.093877551,"The patient has type two diabetes and normally takes medication every morning. Today he forgot to take his medicine and began feeling dizzy and weak during the afternoon. He is conscious and able to speak, but he says his condition is getting worse.","The patient has type 2 diabetes and normally takes medication every morning. Today he is far good to take his medicine and beg and feel in this and wake during the afternoon. He is conscious and able to speak but he said his condition is getting worse."
"Q4_0","/Users/williamsacc/Documents/estudio_casos_asr/whisper.cpp/models/ggml-base-q4_0.bin",3,"audio06(fiebre).wav",21.248000000,0.570957875,0.026871135,5,38,0.131578947,15,220,0.068181818,"The patient has had a high fever since last night and has been feeling extremely tired. She also reports muscle pain, chills, and a persistent headache. She has been drinking water regularly and has not taken any antibiotics.","The patient has had a high fever signs last night and has been feeling extremely tired. She has a reports musical pain, chills and a persistent hitch. She has been drinking water regularly and has not taken any antibiotics."
"Q4_0","/Users/williamsacc/Documents/estudio_casos_asr/whisper.cpp/models/ggml-base-q4_0.bin",3,"audio07(respiracion).wav",22.656000000,0.594984792,0.026261688,3,40,0.075000000,8,235,0.034042553,"The patient has difficulty breathing when walking short distances and sometimes feels pressure in his chest. These symptoms began two days ago and have gradually become worse. He has a history of asthma but has not used his inhaler today.","The patient has difficulty breathing when walking short distance and sometimes feels pressure in his shift. These symptoms began two days ago and have gradually become worse. He has a history of asthma but has not used his another today."
"Q4_0","/Users/williamsacc/Documents/estudio_casos_asr/whisper.cpp/models/ggml-base-q4_0.bin",3,"audio08(herida).wav",22.613333333,0.617427042,0.027303672,3,43,0.069767442,11,256,0.042968750,"The patient cut her right hand while preparing food approximately forty minutes ago. The wound is still bleeding slightly, but she can move all of her fingers normally. She reports moderate pain and does not remember when she received her last tetanus vaccine.","The patient could her right hand while preparing food approximately 40 minutes ago. The woman is still bleeding slightly but she can move all of her fingers normally. She reports moderate pain and does not remember when she received her last tetanus vaccine."
"Q4_0","/Users/williamsacc/Documents/estudio_casos_asr/whisper.cpp/models/ggml-base-q4_0.bin",3,"audio09(mareo).wav",23.957333333,0.637935625,0.026627990,11,41,0.268292683,28,235,0.119148936,"The patient suddenly became dizzy while standing at work this morning. He did not lose consciousness, but he felt weak and had to sit down immediately. He has eaten very little today and says that similar symptoms happened once last month.","The patient suddenly become disequiled standing at work this morning. He did not lose consciousness, but he feel weak and had to sit down in the middle. He has eaten very little today and said that similar symptoms have need on last month."
"Q4_0","/Users/williamsacc/Documents/estudio_casos_asr/whisper.cpp/models/ggml-base-q4_0.bin",3,"audio10(dolor cabeza).wav",26.112000000,0.644568042,0.024684744,4,44,0.090909091,7,258,0.027131783,"The patient has experienced a strong headache for approximately three hours. The pain is mainly located behind her eyes and becomes worse when she looks at bright lights. She also feels slightly nauseous but has no problems speaking or moving her arms and legs.","The patient has experienced a strong heat dodge for approximately three hours. The pain is mainly located behind her eyes and become worse when she looks at bright light. She also feels slightly nauseous but has no problems speaking or moving her arms and legs."
"Q4_0","/Users/williamsacc/Documents/estudio_casos_asr/whisper.cpp/models/ggml-base-q4_0.bin",4,"audio01(dolor toracico).wav",19.690666667,0.614430125,0.031204130,4,41,0.097560976,13,228,0.057017544,"The patient reports severe chest pain that started about thirty minutes ago. The pain becomes stronger when he takes a deep breath, and he also feels short of breath. He has no known allergies and has not taken any medication today.","The patient reports several chest pain that started about 30 minutes ago. The pain becomes stronger, win, he takes a deep breath and he also feels short of breath. He has no no allergies and has not taken any medication today."
"Q4_0","/Users/williamsacc/Documents/estudio_casos_asr/whisper.cpp/models/ggml-base-q4_0.bin",4,"audio02(alergia).wav",16.768000000,0.579194291,0.034541644,6,37,0.162162162,19,230,0.082608696,"The patient is allergic to penicillin and should not receive any medication containing it. She developed a severe skin rash after taking penicillin several years ago. She currently has a fever, a sore throat, and difficulty swallowing.","The patient is allergic to penicillin and should not receive any medication containing this. She developed a severed skin rash after taking penicillin several years ago. She chronic has a fever, a sore throat and difficult as well."
"Q4_0","/Users/williamsacc/Documents/estudio_casos_asr/whisper.cpp/models/ggml-base-q4_0.bin",4,"audio03(accidente).wav",16.597333333,0.542220334,0.032669124,3,38,0.078947368,7,205,0.034146341,"The patient fell from a bicycle approximately one hour ago and injured his left arm. He can move his fingers, but he feels severe pain near the wrist. There is visible swelling, but there is no active bleeding.","The patient feels from a bicycle approximately one hour ago and enjoyed his left arm. He can move his fingers but he feels several pain near the wrist. There is visible swelling but there is no active bleeding."
"Q4_0","/Users/williamsacc/Documents/estudio_casos_asr/whisper.cpp/models/ggml-base-q4_0.bin",4,"audio04(dolor abdominal).wav",20.778666667,0.551576958,0.026545349,2,37,0.054054054,3,212,0.014150943,"The patient has had abdominal pain since yesterday evening. The pain is mainly located on the lower right side and has gradually become stronger. She also reports nausea and loss of appetite, but she has not vomited.","The patient has had abdominal pain since yesterday evening. The pain is mainly located on the lower right side and has gradually become stronger. She also reports naus and lost of appetite but she has not vomited."
"Q4_0","/Users/williamsacc/Documents/estudio_casos_asr/whisper.cpp/models/ggml-base-q4_0.bin",4,"audio05(diabetes).wav",21.866666667,0.650745416,0.029759699,11,43,0.255813953,23,245,0.093877551,"The patient has type two diabetes and normally takes medication every morning. Today he forgot to take his medicine and began feeling dizzy and weak during the afternoon. He is conscious and able to speak, but he says his condition is getting worse.","The patient has type 2 diabetes and normally takes medication every morning. Today he is far good to take his medicine and beg and feel in this and wake during the afternoon. He is conscious and able to speak but he said his condition is getting worse."
"Q4_0","/Users/williamsacc/Documents/estudio_casos_asr/whisper.cpp/models/ggml-base-q4_0.bin",4,"audio06(fiebre).wav",21.248000000,0.582329500,0.027406321,5,38,0.131578947,15,220,0.068181818,"The patient has had a high fever since last night and has been feeling extremely tired. She also reports muscle pain, chills, and a persistent headache. She has been drinking water regularly and has not taken any antibiotics.","The patient has had a high fever signs last night and has been feeling extremely tired. She has a reports musical pain, chills and a persistent hitch. She has been drinking water regularly and has not taken any antibiotics."
"Q4_0","/Users/williamsacc/Documents/estudio_casos_asr/whisper.cpp/models/ggml-base-q4_0.bin",4,"audio07(respiracion).wav",22.656000000,0.598448500,0.026414570,3,40,0.075000000,8,235,0.034042553,"The patient has difficulty breathing when walking short distances and sometimes feels pressure in his chest. These symptoms began two days ago and have gradually become worse. He has a history of asthma but has not used his inhaler today.","The patient has difficulty breathing when walking short distance and sometimes feels pressure in his shift. These symptoms began two days ago and have gradually become worse. He has a history of asthma but has not used his another today."
"Q4_0","/Users/williamsacc/Documents/estudio_casos_asr/whisper.cpp/models/ggml-base-q4_0.bin",4,"audio08(herida).wav",22.613333333,0.631731292,0.027936230,3,43,0.069767442,11,256,0.042968750,"The patient cut her right hand while preparing food approximately forty minutes ago. The wound is still bleeding slightly, but she can move all of her fingers normally. She reports moderate pain and does not remember when she received her last tetanus vaccine.","The patient could her right hand while preparing food approximately 40 minutes ago. The woman is still bleeding slightly but she can move all of her fingers normally. She reports moderate pain and does not remember when she received her last tetanus vaccine."
"Q4_0","/Users/williamsacc/Documents/estudio_casos_asr/whisper.cpp/models/ggml-base-q4_0.bin",4,"audio09(mareo).wav",23.957333333,0.619027958,0.025838767,11,41,0.268292683,28,235,0.119148936,"The patient suddenly became dizzy while standing at work this morning. He did not lose consciousness, but he felt weak and had to sit down immediately. He has eaten very little today and says that similar symptoms happened once last month.","The patient suddenly become disequiled standing at work this morning. He did not lose consciousness, but he feel weak and had to sit down in the middle. He has eaten very little today and said that similar symptoms have need on last month."
"Q4_0","/Users/williamsacc/Documents/estudio_casos_asr/whisper.cpp/models/ggml-base-q4_0.bin",4,"audio10(dolor cabeza).wav",26.112000000,0.685101167,0.026237024,4,44,0.090909091,7,258,0.027131783,"The patient has experienced a strong headache for approximately three hours. The pain is mainly located behind her eyes and becomes worse when she looks at bright lights. She also feels slightly nauseous but has no problems speaking or moving her arms and legs.","The patient has experienced a strong heat dodge for approximately three hours. The pain is mainly located behind her eyes and become worse when she looks at bright light. She also feels slightly nauseous but has no problems speaking or moving her arms and legs."
"Q4_0","/Users/williamsacc/Documents/estudio_casos_asr/whisper.cpp/models/ggml-base-q4_0.bin",5,"audio01(dolor toracico).wav",19.690666667,0.597183792,0.030328267,4,41,0.097560976,13,228,0.057017544,"The patient reports severe chest pain that started about thirty minutes ago. The pain becomes stronger when he takes a deep breath, and he also feels short of breath. He has no known allergies and has not taken any medication today.","The patient reports several chest pain that started about 30 minutes ago. The pain becomes stronger, win, he takes a deep breath and he also feels short of breath. He has no no allergies and has not taken any medication today."
"Q4_0","/Users/williamsacc/Documents/estudio_casos_asr/whisper.cpp/models/ggml-base-q4_0.bin",5,"audio02(alergia).wav",16.768000000,0.590050833,0.035189100,6,37,0.162162162,19,230,0.082608696,"The patient is allergic to penicillin and should not receive any medication containing it. She developed a severe skin rash after taking penicillin several years ago. She currently has a fever, a sore throat, and difficulty swallowing.","The patient is allergic to penicillin and should not receive any medication containing this. She developed a severed skin rash after taking penicillin several years ago. She chronic has a fever, a sore throat and difficult as well."
"Q4_0","/Users/williamsacc/Documents/estudio_casos_asr/whisper.cpp/models/ggml-base-q4_0.bin",5,"audio03(accidente).wav",16.597333333,0.549525625,0.033109272,3,38,0.078947368,7,205,0.034146341,"The patient fell from a bicycle approximately one hour ago and injured his left arm. He can move his fingers, but he feels severe pain near the wrist. There is visible swelling, but there is no active bleeding.","The patient feels from a bicycle approximately one hour ago and enjoyed his left arm. He can move his fingers but he feels several pain near the wrist. There is visible swelling but there is no active bleeding."
"Q4_0","/Users/williamsacc/Documents/estudio_casos_asr/whisper.cpp/models/ggml-base-q4_0.bin",5,"audio04(dolor abdominal).wav",20.778666667,0.552489750,0.026589278,2,37,0.054054054,3,212,0.014150943,"The patient has had abdominal pain since yesterday evening. The pain is mainly located on the lower right side and has gradually become stronger. She also reports nausea and loss of appetite, but she has not vomited.","The patient has had abdominal pain since yesterday evening. The pain is mainly located on the lower right side and has gradually become stronger. She also reports naus and lost of appetite but she has not vomited."
"Q4_0","/Users/williamsacc/Documents/estudio_casos_asr/whisper.cpp/models/ggml-base-q4_0.bin",5,"audio05(diabetes).wav",21.866666667,0.672165875,0.030739293,11,43,0.255813953,23,245,0.093877551,"The patient has type two diabetes and normally takes medication every morning. Today he forgot to take his medicine and began feeling dizzy and weak during the afternoon. He is conscious and able to speak, but he says his condition is getting worse.","The patient has type 2 diabetes and normally takes medication every morning. Today he is far good to take his medicine and beg and feel in this and wake during the afternoon. He is conscious and able to speak but he said his condition is getting worse."
"Q4_0","/Users/williamsacc/Documents/estudio_casos_asr/whisper.cpp/models/ggml-base-q4_0.bin",5,"audio06(fiebre).wav",21.248000000,0.580539167,0.027322062,5,38,0.131578947,15,220,0.068181818,"The patient has had a high fever since last night and has been feeling extremely tired. She also reports muscle pain, chills, and a persistent headache. She has been drinking water regularly and has not taken any antibiotics.","The patient has had a high fever signs last night and has been feeling extremely tired. She has a reports musical pain, chills and a persistent hitch. She has been drinking water regularly and has not taken any antibiotics."
"Q4_0","/Users/williamsacc/Documents/estudio_casos_asr/whisper.cpp/models/ggml-base-q4_0.bin",5,"audio07(respiracion).wav",22.656000000,0.572656625,0.025276158,3,40,0.075000000,8,235,0.034042553,"The patient has difficulty breathing when walking short distances and sometimes feels pressure in his chest. These symptoms began two days ago and have gradually become worse. He has a history of asthma but has not used his inhaler today.","The patient has difficulty breathing when walking short distance and sometimes feels pressure in his shift. These symptoms began two days ago and have gradually become worse. He has a history of asthma but has not used his another today."
"Q4_0","/Users/williamsacc/Documents/estudio_casos_asr/whisper.cpp/models/ggml-base-q4_0.bin",5,"audio08(herida).wav",22.613333333,0.607314042,0.026856458,3,43,0.069767442,11,256,0.042968750,"The patient cut her right hand while preparing food approximately forty minutes ago. The wound is still bleeding slightly, but she can move all of her fingers normally. She reports moderate pain and does not remember when she received her last tetanus vaccine.","The patient could her right hand while preparing food approximately 40 minutes ago. The woman is still bleeding slightly but she can move all of her fingers normally. She reports moderate pain and does not remember when she received her last tetanus vaccine."
"Q4_0","/Users/williamsacc/Documents/estudio_casos_asr/whisper.cpp/models/ggml-base-q4_0.bin",5,"audio09(mareo).wav",23.957333333,0.621532125,0.025943293,11,41,0.268292683,28,235,0.119148936,"The patient suddenly became dizzy while standing at work this morning. He did not lose consciousness, but he felt weak and had to sit down immediately. He has eaten very little today and says that similar symptoms happened once last month.","The patient suddenly become disequiled standing at work this morning. He did not lose consciousness, but he feel weak and had to sit down in the middle. He has eaten very little today and said that similar symptoms have need on last month."
"Q4_0","/Users/williamsacc/Documents/estudio_casos_asr/whisper.cpp/models/ggml-base-q4_0.bin",5,"audio10(dolor cabeza).wav",26.112000000,0.645634584,0.024725589,4,44,0.090909091,7,258,0.027131783,"The patient has experienced a strong headache for approximately three hours. The pain is mainly located behind her eyes and becomes worse when she looks at bright lights. She also feels slightly nauseous but has no problems speaking or moving her arms and legs.","The patient has experienced a strong heat dodge for approximately three hours. The pain is mainly located behind her eyes and become worse when she looks at bright light. She also feels slightly nauseous but has no problems speaking or moving her arms and legs."
